実行日,開始時刻,終了時刻,ジョブID,ジョブ名,所要時間(分),処理件数,ステータス,エラーメッセージ
2025-05-01,00:34:08,00:59:08,DAILY_SALES_SUMMARY,日次売上集計,25,31084,Success,
2025-05-01,01:03:28,01:28:28,DAILY_INVENTORY_UPDATE,日次在庫更新,25,10569,Success,
2025-05-01,02:05:53,02:29:53,DAILY_CUSTOMER_SYNC,日次顧客情報同期,24,15943,Success,
2025-05-01,03:00:09,03:39:09,DAILY_REPORT_GEN,日次レポート生成,39,28022,Success,
2025-05-01,00:27:50,00:29:50,HOURLY_LOG_ARCHIVE,時間ごとログアーカイブ,2,148,Success,
2025-05-01,01:48:51,01:52:51,HOURLY_LOG_ARCHIVE,時間ごとログアーカイブ,4,134,Success,
2025-05-01,02:47:12,02:51:12,HOURLY_LOG_ARCHIVE,時間ごとログアーカイブ,4,350,Success,
2025-05-01,03:55:31,04:00:31,HOURLY_LOG_ARCHIVE,時間ごとログアーカイブ,5,303,Success,
2025-05-01,04:35:59,04:37:59,HOURLY_LOG_ARCHIVE,時間ごとログアーカイブ,2,479,Success,
2025-05-01,05:20:43,05:22:43,HOURLY_LOG_ARCHIVE,時間ごとログアーカイブ,2,252,Success,
2025-05-01,06:21:21,06:25:21,HOURLY_LOG_ARCHIVE,時間ごとログアーカイブ,4,399,Success,
2025-05-01,07:30:10,07:34:10,HOURLY_LOG_ARCHIVE,時間ごとログアーカイブ,4,385,Success,
2025-05-01,08:39:43,08:42:43,HOURLY_LOG_ARCHIVE,時間ごとログアーカイブ,3,470,Success,
2025-05-01,09:59:32,10:02:32,HOURLY_LOG_ARCHIVE,時間ごとログアーカイブ,3,420,Success,
2025-05-01,10:27:31,10:31:31,HOURLY_LOG_ARCHIVE,時間ごとログアーカイブ,4,353,Success,
2025-05-01,11:41:35,11:46:35,HOURLY_LOG_ARCHIVE,時間ごとログアーカイブ,5,120,Success,
2025-05-01,12:45:28,12:47:28,HOURLY_LOG_ARCHIVE,時間ごとログアーカイブ,2,379,Success,
2025-05-01,13:40:34,13:45:34,HOURLY_LOG_ARCHIVE,時間ごとログアーカイブ,5,267,Success,
2025-05-01,14:10:15,14:13:15,HOURLY_LOG_ARCHIVE,時間ごとログアーカイブ,3,176,Success,
2025-05-01,15:35:28,15:37:28,HOURLY_LOG_ARCHIVE,時間ごとログアーカイブ,2,269,Success,
2025-05-01,16:03:48,16:07:48,HOURLY_LOG_ARCHIVE,時間ごとログアーカイブ,4,273,Success,
2025-05-01,17:33:05,17:35:05,HOURLY_LOG_ARCHIVE,時間ごとログアーカイブ,2,320,Success,
2025-05-01,18:47:26,18:51:26,HOURLY_LOG_ARCHIVE,時間ごとログアーカイブ,4,253,Success,
2025-05-01,19:42:01,19:45:01,HOURLY_LOG_ARCHIVE,時間ごとログアーカイブ,3,170,Success,
2025-05-01,20:37:31,20:41:31,HOURLY_LOG_ARCHIVE,時間ごとログアーカイブ,4,138,Success,
2025-05-01,21:26:47,21:30:47,HOURLY_LOG_ARCHIVE,時間ごとログアーカイブ,4,143,Success,
2025-05-01,22:58:15,23:01:15,HOURLY_LOG_ARCHIVE,時間ごとログアーカイブ,3,330,Success,
2025-05-01,23:50:38,23:54:38,HOURLY_LOG_ARCHIVE,時間ごとログアーカイブ,4,492,Success,
2025-05-02,00:30:41,00:49:41,DAILY_SALES_SUMMARY,日次売上集計,19,31223,Success,
2025-05-02,01:00:45,01:37:45,DAILY_INVENTORY_UPDATE,日次在庫更新,37,47687,Success,
2025-05-02,02:00:45,02:17:45,DAILY_CUSTOMER_SYNC,日次顧客情報同期,17,31479,Success,
2025-05-02,03:03:16,04:03:16,DAILY_REPORT_GEN,日次レポート生成,60,2245,Success,
2025-05-02,00:27:09,00:30:09,HOURLY_LOG_ARCHIVE,時間ごとログアーカイブ,3,162,Success,
2025-05-02,01:07:14,01:09:14,HOURLY_LOG_ARCHIVE,時間ごとログアーカイブ,2,210,Success,
2025-05-02,02:36:28,02:40:28,HOURLY_LOG_ARCHIVE,時間ごとログアーカイブ,4,395,Success,
2025-05-02,03:24:54,03:29:54,HOURLY_LOG_ARCHIVE,時間ごとログアーカイブ,5,392,Success,
2025-05-02,04:31:30,04:33:30,HOURLY_LOG_ARCHIVE,時間ごとログアーカイブ,2,410,Success,
2025-05-02,05:53:57,05:55:57,HOURLY_LOG_ARCHIVE,時間ごとログアーカイブ,2,267,Success,
2025-05-02,06:57:02,07:01:02,HOURLY_LOG_ARCHIVE,時間ごとログアーカイブ,4,143,Success,
2025-05-02,07:34:59,07:37:59,HOURLY_LOG_ARCHIVE,時間ごとログアーカイブ,3,318,Success,
2025-05-02,08:36:20,08:40:20,HOURLY_LOG_ARCHIVE,時間ごとログアーカイブ,4,284,Success,
2025-05-02,09:27:45,09:32:45,HOURLY_LOG_ARCHIVE,時間ごとログアーカイブ,5,260,Success,
2025-05-02,10:10:36,10:12:36,HOURLY_LOG_ARCHIVE,時間ごとログアーカイブ,2,253,Success,
2025-05-02,11:54:13,11:59:13,HOURLY_LOG_ARCHIVE,時間ごとログアーカイブ,5,182,Success,
2025-05-02,12:55:59,13:00:59,HOURLY_LOG_ARCHIVE,時間ごとログアーカイブ,5,495,Success,
2025-05-02,13:42:05,13:45:05,HOURLY_LOG_ARCHIVE,時間ごとログアーカイブ,3,354,Success,
2025-05-02,14:40:56,14:45:56,HOURLY_LOG_ARCHIVE,時間ごとログアーカイブ,5,473,Success,
2025-05-02,15:14:19,15:19:19,HOURLY_LOG_ARCHIVE,時間ごとログアーカイブ,5,392,Success,
2025-05-02,16:31:00,16:35:00,HOURLY_LOG_ARCHIVE,時間ごとログアーカイブ,4,483,Success,
2025-05-02,17:01:28,17:06:28,HOURLY_LOG_ARCHIVE,時間ごとログアーカイブ,5,147,Success,
2025-05-02,18:19:38,18:21:38,HOURLY_LOG_ARCHIVE,時間ごとログアーカイブ,2,462,Success,
2025-05-02,19:17:45,19:19:45,HOURLY_LOG_ARCHIVE,時間ごとログアーカイブ,2,276,Success,
2025-05-02,20:07:07,20:10:07,HOURLY_LOG_ARCHIVE,時間ごとログアーカイブ,3,234,Success,
2025-05-02,21:19:52,21:21:52,HOURLY_LOG_ARCHIVE,時間ごとログアーカイブ,2,404,Success,
2025-05-02,22:45:26,22:47:26,HOURLY_LOG_ARCHIVE,時間ごとログアーカイブ,2,438,Success,
2025-05-02,23:56:09,23:59:09,HOURLY_LOG_ARCHIVE,時間ごとログアーカイブ,3,295,Success,
2025-05-03,00:31:51,00:49:51,DAILY_SALES_SUMMARY,日次売上集計,18,17139,Success,
2025-05-03,01:01:59,01:35:59,DAILY_INVENTORY_UPDATE,日次在庫更新,34,46012,Success,
2025-05-03,02:03:08,02:26:08,DAILY_CUSTOMER_SYNC,日次顧客情報同期,23,31471,Success,
2025-05-03,03:00:48,03:33:48,DAILY_REPORT_GEN,日次レポート生成,33,45384,Success,
2025-05-03,00:43:46,00:48:46,HOURLY_LOG_ARCHIVE,時間ごとログアーカイブ,5,363,Success,
2025-05-03,01:41:09,01:45:09,HOURLY_LOG_ARCHIVE,時間ごとログアーカイブ,4,392,Success,
2025-05-03,02:04:26,02:08:26,HOURLY_LOG_ARCHIVE,時間ごとログアーカイブ,4,233,Success,
2025-05-03,03:32:35,03:37:35,HOURLY_LOG_ARCHIVE,時間ごとログアーカイブ,5,335,Success,
2025-05-03,04:19:16,04:22:16,HOURLY_LOG_ARCHIVE,時間ごとログアーカイブ,3,259,Success,
2025-05-03,05:24:19,05:29:19,HOURLY_LOG_ARCHIVE,時間ごとログアーカイブ,5,158,Success,
2025-05-03,06:38:33,06:43:33,HOURLY_LOG_ARCHIVE,時間ごとログアーカイブ,5,339,Success,
2025-05-03,07:27:44,07:30:44,HOURLY_LOG_ARCHIVE,時間ごとログアーカイブ,3,255,Success,
2025-05-03,08:54:47,08:59:47,HOURLY_LOG_ARCHIVE,時間ごとログアーカイブ,5,178,Success,
2025-05-03,09:57:04,10:02:04,HOURLY_LOG_ARCHIVE,時間ごとログアーカイブ,5,219,Success,
2025-05-03,10:55:20,10:58:20,HOURLY_LOG_ARCHIVE,時間ごとログアーカイブ,3,496,Success,
2025-05-03,11:28:54,11:31:54,HOURLY_LOG_ARCHIVE,時間ごとログアーカイブ,3,404,Success,
2025-05-03,12:45:37,12:47:37,HOURLY_LOG_ARCHIVE,時間ごとログアーカイブ,2,202,Success,
2025-05-03,13:24:04,13:27:04,HOURLY_LOG_ARCHIVE,時間ごとログアーカイブ,3,268,Success,
2025-05-03,14:03:18,14:06:18,HOURLY_LOG_ARCHIVE,時間ごとログアーカイブ,3,426,Success,
2025-05-03,15:07:25,15:11:25,HOURLY_LOG_ARCHIVE,時間ごとログアーカイブ,4,389,Success,
2025-05-03,16:55:15,16:57:15,HOURLY_LOG_ARCHIVE,時間ごとログアーカイブ,2,185,Success,
2025-05-03,17:54:27,17:56:27,HOURLY_LOG_ARCHIVE,時間ごとログアーカイブ,2,473,Success,
2025-05-03,18:02:25,18:05:25,HOURLY_LOG_ARCHIVE,時間ごとログアーカイブ,3,397,Success,
2025-05-03,19:30:40,19:34:40,HOURLY_LOG_ARCHIVE,時間ごとログアーカイブ,4,158,Success,
2025-05-03,20:43:41,20:45:41,HOURLY_LOG_ARCHIVE,時間ごとログアーカイブ,2,478,Success,
2025-05-03,21:41:23,21:46:23,HOURLY_LOG_ARCHIVE,時間ごとログアーカイブ,5,438,Success,
2025-05-03,22:32:24,22:35:24,HOURLY_LOG_ARCHIVE,時間ごとログアーカイブ,3,170,Success,
2025-05-03,23:51:43,23:53:43,HOURLY_LOG_ARCHIVE,時間ごとログアーカイブ,2,102,Success,
2025-05-04,00:25:30,00:53:30,DAILY_SALES_SUMMARY,日次売上集計,28,42600,Success,
2025-05-04,01:00:03,01:33:03,DAILY_INVENTORY_UPDATE,日次在庫更新,33,29639,Success,
2025-05-04,02:00:49,02:15:49,DAILY_CUSTOMER_SYNC,日次顧客情報同期,15,26570,Success,
2025-05-04,03:00:04,03:56:04,DAILY_REPORT_GEN,日次レポート生成,56,0,Failed,Database connection failed
2025-05-04,00:31:56,00:34:56,HOURLY_LOG_ARCHIVE,時間ごとログアーカイブ,3,421,Success,
2025-05-04,01:15:33,01:17:33,HOURLY_LOG_ARCHIVE,時間ごとログアーカイブ,2,210,Success,
2025-05-04,02:15:24,02:18:24,HOURLY_LOG_ARCHIVE,時間ごとログアーカイブ,3,451,Success,
2025-05-04,03:47:19,03:49:19,HOURLY_LOG_ARCHIVE,時間ごとログアーカイブ,2,302,Success,
2025-05-04,04:29:34,04:34:34,HOURLY_LOG_ARCHIVE,時間ごとログアーカイブ,5,370,Success,
2025-05-04,05:12:58,05:17:58,HOURLY_LOG_ARCHIVE,時間ごとログアーカイブ,5,390,Success,
2025-05-04,06:55:52,06:59:52,HOURLY_LOG_ARCHIVE,時間ごとログアーカイブ,4,198,Success,
2025-05-04,07:27:14,07:30:14,HOURLY_LOG_ARCHIVE,時間ごとログアーカイブ,3,263,Success,
2025-05-04,08:50:49,08:53:49,HOURLY_LOG_ARCHIVE,時間ごとログアーカイブ,3,448,Success,
2025-05-04,09:26:59,09:28:59,HOURLY_LOG_ARCHIVE,時間ごとログアーカイブ,2,149,Success,
2025-05-04,10:25:45,10:30:45,HOURLY_LOG_ARCHIVE,時間ごとログアーカイブ,5,361,Success,
2025-05-04,11:50:22,11:54:22,HOURLY_LOG_ARCHIVE,時間ごとログアーカイブ,4,255,Success,
2025-05-04,12:49:59,12:52:59,HOURLY_LOG_ARCHIVE,時間ごとログアーカイブ,3,274,Success,
2025-05-04,13:41:20,13:46:20,HOURLY_LOG_ARCHIVE,時間ごとログアーカイブ,5,435,Success,
2025-05-04,14:53:05,14:57:05,HOURLY_LOG_ARCHIVE,時間ごとログアーカイブ,4,273,Success,
2025-05-04,15:26:06,15:31:06,HOURLY_LOG_ARCHIVE,時間ごとログアーカイブ,5,438,Success,
2025-05-04,16:02:34,16:07:34,HOURLY_LOG_ARCHIVE,時間ごとログアーカイブ,5,121,Success,
2025-05-04,17:36:55,17:41:55,HOURLY_LOG_ARCHIVE,時間ごとログアーカイブ,5,121,Success,
2025-05-04,18:44:59,18:49:59,HOURLY_LOG_ARCHIVE,時間ごとログアーカイブ,5,428,Success,
2025-05-04,19:30:47,19:32:47,HOURLY_LOG_ARCHIVE,時間ごとログアーカイブ,2,449,Success,
2025-05-04,20:28:43,20:31:43,HOURLY_LOG_ARCHIVE,時間ごとログアーカイブ,3,299,Success,
2025-05-04,21:23:20,21:27:20,HOURLY_LOG_ARCHIVE,時間ごとログアーカイブ,4,500,Success,
2025-05-04,22:07:49,22:10:49,HOURLY_LOG_ARCHIVE,時間ごとログアーカイブ,3,481,Success,
2025-05-04,23:25:52,23:29:52,HOURLY_LOG_ARCHIVE,時間ごとログアーカイブ,4,151,Success,
2025-05-05,00:31:15,00:52:15,DAILY_SALES_SUMMARY,日次売上集計,21,46174,Success,
2025-05-05,01:02:41,01:38:41,DAILY_INVENTORY_UPDATE,日次在庫更新,36,7045,Success,
2025-05-05,02:00:59,02:10:59,DAILY_CUSTOMER_SYNC,日次顧客情報同期,10,2943,Success,
2025-05-05,03:02:24,03:39:24,DAILY_REPORT_GEN,日次レポート生成,37,31132,Success,
2025-05-05,04:05:09,05:34:09,WEEKLY_BACKUP_VERIFY,週次バックアップ検証,89,45758,Success,
2025-05-05,00:47:13,00:52:13,HOURLY_LOG_ARCHIVE,時間ごとログアーカイブ,5,405,Success,
2025-05-05,01:33:29,01:36:29,HOURLY_LOG_ARCHIVE,時間ごとログアーカイブ,3,132,Success,
2025-05-05,02:28:55,02:33:55,HOURLY_LOG_ARCHIVE,時間ごとログアーカイブ,5,430,Success,
2025-05-05,03:41:08,03:43:08,HOURLY_LOG_ARCHIVE,時間ごとログアーカイブ,2,283,Success,
2025-05-05,04:28:42,04:31:42,HOURLY_LOG_ARCHIVE,時間ごとログアーカイブ,3,373,Success,
2025-05-05,05:45:41,05:48:41,HOURLY_LOG_ARCHIVE,時間ごとログアーカイブ,3,276,Success,
2025-05-05,06:49:20,06:54:20,HOURLY_LOG_ARCHIVE,時間ごとログアーカイブ,5,100,Success,
2025-05-05,07:05:11,07:10:11,HOURLY_LOG_ARCHIVE,時間ごとログアーカイブ,5,369,Success,
2025-05-05,08:17:16,08:19:16,HOURLY_LOG_ARCHIVE,時間ごとログアーカイブ,2,454,Success,
2025-05-05,09:44:18,09:46:18,HOURLY_LOG_ARCHIVE,時間ごとログアーカイブ,2,180,Success,
2025-05-05,10:31:05,10:35:05,HOURLY_LOG_ARCHIVE,時間ごとログアーカイブ,4,269,Success,
2025-05-05,11:35:16,11:37:16,HOURLY_LOG_ARCHIVE,時間ごとログアーカイブ,2,141,Success,
2025-05-05,12:33:04,12:36:04,HOURLY_LOG_ARCHIVE,時間ごとログアーカイブ,3,304,Success,
2025-05-05,13:08:40,13:11:40,HOURLY_LOG_ARCHIVE,時間ごとログアーカイブ,3,198,Success,
2025-05-05,14:40:27,14:43:27,HOURLY_LOG_ARCHIVE,時間ごとログアーカイブ,3,112,Success,
2025-05-05,15:46:24,15:50:24,HOURLY_LOG_ARCHIVE,時間ごとログアーカイブ,4,117,Success,
2025-05-05,16:57:20,17:02:20,HOURLY_LOG_ARCHIVE,時間ごとログアーカイブ,5,415,Success,
2025-05-05,17:31:07,17:36:07,HOURLY_LOG_ARCHIVE,時間ごとログアーカイブ,5,487,Success,
2025-05-05,18:39:32,18:42:32,HOURLY_LOG_ARCHIVE,時間ごとログアーカイブ,3,240,Success,
2025-05-05,19:48:53,19:50:53,HOURLY_LOG_ARCHIVE,時間ごとログアーカイブ,2,128,Success,
2025-05-05,20:05:38,20:09:38,HOURLY_LOG_ARCHIVE,時間ごとログアーカイブ,4,410,Success,
2025-05-05,21:35:26,21:37:26,HOURLY_LOG_ARCHIVE,時間ごとログアーカイブ,2,414,Success,
2025-05-05,22:08:45,22:11:45,HOURLY_LOG_ARCHIVE,時間ごとログアーカイブ,3,253,Success,
2025-05-05,23:06:30,23:08:30,HOURLY_LOG_ARCHIVE,時間ごとログアーカイブ,2,264,Success,
2025-05-06,00:32:24,00:55:24,DAILY_SALES_SUMMARY,日次売上集計,23,16085,Success,
2025-05-06,01:02:45,01:42:45,DAILY_INVENTORY_UPDATE,日次在庫更新,40,14747,Success,
2025-05-06,02:05:39,02:26:39,DAILY_CUSTOMER_SYNC,日次顧客情報同期,21,37008,Success,
2025-05-06,03:01:50,03:47:50,DAILY_REPORT_GEN,日次レポート生成,46,10011,Success,
2025-05-06,00:36:56,00:38:56,HOURLY_LOG_ARCHIVE,時間ごとログアーカイブ,2,475,Success,
2025-05-06,01:00:06,01:03:06,HOURLY_LOG_ARCHIVE,時間ごとログアーカイブ,3,112,Success,
2025-05-06,02:58:34,03:02:34,HOURLY_LOG_ARCHIVE,時間ごとログアーカイブ,4,356,Success,
2025-05-06,03:55:35,04:00:35,HOURLY_LOG_ARCHIVE,時間ごとログアーカイブ,5,447,Success,
2025-05-06,04:42:07,04:46:07,HOURLY_LOG_ARCHIVE,時間ごとログアーカイブ,4,462,Success,
2025-05-06,05:50:16,05:55:16,HOURLY_LOG_ARCHIVE,時間ごとログアーカイブ,5,472,Success,
2025-05-06,06:05:13,06:08:13,HOURLY_LOG_ARCHIVE,時間ごとログアーカイブ,3,497,Success,
2025-05-06,07:26:59,07:31:59,HOURLY_LOG_ARCHIVE,時間ごとログアーカイブ,5,302,Success,
2025-05-06,08:59:21,09:04:21,HOURLY_LOG_ARCHIVE,時間ごとログアーカイブ,5,496,Success,
2025-05-06,09:15:18,09:18:18,HOURLY_LOG_ARCHIVE,時間ごとログアーカイブ,3,445,Success,
2025-05-06,10:23:20,10:26:20,HOURLY_LOG_ARCHIVE,時間ごとログアーカイブ,3,378,Success,
2025-05-06,11:50:26,11:55:26,HOURLY_LOG_ARCHIVE,時間ごとログアーカイブ,5,299,Success,
2025-05-06,12:44:06,12:46:06,HOURLY_LOG_ARCHIVE,時間ごとログアーカイブ,2,409,Success,
2025-05-06,13:17:25,13:20:25,HOURLY_LOG_ARCHIVE,時間ごとログアーカイブ,3,133,Success,
2025-05-06,14:32:53,14:36:53,HOURLY_LOG_ARCHIVE,時間ごとログアーカイブ,4,283,Success,
2025-05-06,15:34:59,15:36:59,HOURLY_LOG_ARCHIVE,時間ごとログアーカイブ,2,246,Success,
2025-05-06,16:12:50,16:16:50,HOURLY_LOG_ARCHIVE,時間ごとログアーカイブ,4,325,Success,
2025-05-06,17:11:13,17:14:13,HOURLY_LOG_ARCHIVE,時間ごとログアーカイブ,3,229,Success,
2025-05-06,18:32:07,18:37:07,HOURLY_LOG_ARCHIVE,時間ごとログアーカイブ,5,266,Success,
2025-05-06,19:02:02,19:06:02,HOURLY_LOG_ARCHIVE,時間ごとログアーカイブ,4,193,Success,
2025-05-06,20:41:00,20:46:00,HOURLY_LOG_ARCHIVE,時間ごとログアーカイブ,5,161,Success,
2025-05-06,21:02:15,21:06:15,HOURLY_LOG_ARCHIVE,時間ごとログアーカイブ,4,434,Success,
2025-05-06,22:37:11,22:40:11,HOURLY_LOG_ARCHIVE,時間ごとログアーカイブ,3,393,Success,
2025-05-06,23:26:31,23:29:31,HOURLY_LOG_ARCHIVE,時間ごとログアーカイブ,3,274,Success,
2025-05-07,00:35:13,01:01:13,DAILY_SALES_SUMMARY,日次売上集計,26,2356,Success,
2025-05-07,01:01:57,01:30:57,DAILY_INVENTORY_UPDATE,日次在庫更新,29,1273,Success,
2025-05-07,02:00:52,02:15:52,DAILY_CUSTOMER_SYNC,日次顧客情報同期,15,31885,Success,
2025-05-07,03:00:29,03:37:29,DAILY_REPORT_GEN,日次レポート生成,37,45745,Success,
2025-05-07,00:19:05,00:23:05,HOURLY_LOG_ARCHIVE,時間ごとログアーカイブ,4,466,Success,
2025-05-07,01:48:50,01:51:50,HOURLY_LOG_ARCHIVE,時間ごとログアーカイブ,3,455,Success,
2025-05-07,02:45:03,02:50:03,HOURLY_LOG_ARCHIVE,時間ごとログアーカイブ,5,403,Success,
2025-05-07,03:09:44,03:11:44,HOURLY_LOG_ARCHIVE,時間ごとログアーカイブ,2,497,Success,
2025-05-07,04:38:04,04:42:04,HOURLY_LOG_ARCHIVE,時間ごとログアーカイブ,4,104,Success,
2025-05-07,05:46:00,05:48:00,HOURLY_LOG_ARCHIVE,時間ごとログアーカイブ,2,375,Success,
2025-05-07,06:44:32,06:46:32,HOURLY_LOG_ARCHIVE,時間ごとログアーカイブ,2,468,Success,
2025-05-07,07:22:45,07:27:45,HOURLY_LOG_ARCHIVE,時間ごとログアーカイブ,5,342,Success,
2025-05-07,08:30:18,08:32:18,HOURLY_LOG_ARCHIVE,時間ごとログアーカイブ,2,154,Success,
2025-05-07,09:51:40,09:53:40,HOURLY_LOG_ARCHIVE,時間ごとログアーカイブ,2,222,Success,
2025-05-07,10:03:59,10:07:59,HOURLY_LOG_ARCHIVE,時間ごとログアーカイブ,4,225,Success,
2025-05-07,11:02:47,11:06:47,HOURLY_LOG_ARCHIVE,時間ごとログアーカイブ,4,263,Success,
2025-05-07,12:02:01,12:06:01,HOURLY_LOG_ARCHIVE,時間ごとログアーカイブ,4,139,Success,
2025-05-07,13:45:43,13:47:43,HOURLY_LOG_ARCHIVE,時間ごとログアーカイブ,2,427,Success,
2025-05-07,14:12:41,14:17:41,HOURLY_LOG_ARCHIVE,時間ごとログアーカイブ,5,337,Success,
2025-05-07,15:05:35,15:10:35,HOURLY_LOG_ARCHIVE,時間ごとログアーカイブ,5,398,Success,
2025-05-07,16:42:23,16:46:23,HOURLY_LOG_ARCHIVE,時間ごとログアーカイブ,4,296,Success,
2025-05-07,17:28:35,17:32:35,HOURLY_LOG_ARCHIVE,時間ごとログアーカイブ,4,407,Success,
2025-05-07,18:50:18,18:55:18,HOURLY_LOG_ARCHIVE,時間ごとログアーカイブ,5,109,Success,
2025-05-07,19:11:47,19:14:47,HOURLY_LOG_ARCHIVE,時間ごとログアーカイブ,3,317,Success,
2025-05-07,20:48:31,20:52:31,HOURLY_LOG_ARCHIVE,時間ごとログアーカイブ,4,348,Success,
2025-05-07,21:01:32,21:06:32,HOURLY_LOG_ARCHIVE,時間ごとログアーカイブ,5,401,Success,
2025-05-07,22:35:51,22:37:51,HOURLY_LOG_ARCHIVE,時間ごとログアーカイブ,2,119,Success,
2025-05-07,23:27:23,23:31:23,HOURLY_LOG_ARCHIVE,時間ごとログアーカイブ,4,262,Success,
2025-05-08,00:25:07,00:47:07,DAILY_SALES_SUMMARY,日次売上集計,22,28190,Success,
2025-05-08,01:01:18,01:24:18,DAILY_INVENTORY_UPDATE,日次在庫更新,23,27747,Success,
2025-05-08,02:05:04,02:15:04,DAILY_CUSTOMER_SYNC,日次顧客情報同期,10,30468,Success,
2025-05-08,03:05:34,03:35:34,DAILY_REPORT_GEN,日次レポート生成,30,28024,Success,
2025-05-08,00:32:52,00:34:52,HOURLY_LOG_ARCHIVE,時間ごとログアーカイブ,2,358,Success,
2025-05-08,01:58:40,02:01:40,HOURLY_LOG_ARCHIVE,時間ごとログアーカイブ,3,430,Success,
2025-05-08,02:03:37,02:08:37,HOURLY_LOG_ARCHIVE,時間ごとログアーカイブ,5,211,Success,
2025-05-08,03:58:50,04:00:50,HOURLY_LOG_ARCHIVE,時間ごとログアーカイブ,2,282,Success,
2025-05-08,04:24:04,04:27:04,HOURLY_LOG_ARCHIVE,時間ごとログアーカイブ,3,359,Success,
2025-05-08,05:36:05,05:39:05,HOURLY_LOG_ARCHIVE,時間ごとログアーカイブ,3,336,Success,
2025-05-08,06:23:06,06:25:06,HOURLY_LOG_ARCHIVE,時間ごとログアーカイブ,2,272,Success,
2025-05-08,07:45:35,07:49:35,HOURLY_LOG_ARCHIVE,時間ごとログアーカイブ,4,423,Success,
2025-05-08,08:14:12,08:19:12,HOURLY_LOG_ARCHIVE,時間ごとログアーカイブ,5,367,Success,
2025-05-08,09:54:48,09:58:48,HOURLY_LOG_ARCHIVE,時間ごとログアーカイブ,4,221,Success,
2025-05-08,10:04:42,10:08:42,HOURLY_LOG_ARCHIVE,時間ごとログアーカイブ,4,354,Success,
2025-05-08,11:37:32,11:39:32,HOURLY_LOG_ARCHIVE,時間ごとログアーカイブ,2,131,Success,
2025-05-08,12:22:39,12:26:39,HOURLY_LOG_ARCHIVE,時間ごとログアーカイブ,4,163,Success,
2025-05-08,13:49:04,13:52:04,HOURLY_LOG_ARCHIVE,時間ごとログアーカイブ,3,270,Success,
2025-05-08,14:17:47,14:19:47,HOURLY_LOG_ARCHIVE,時間ごとログアーカイブ,2,178,Success,
2025-05-08,15:47:30,15:52:30,HOURLY_LOG_ARCHIVE,時間ごとログアーカイブ,5,120,Success,
2025-05-08,16:13:48,16:18:48,HOURLY_LOG_ARCHIVE,時間ごとログアーカイブ,5,445,Success,
2025-05-08,17:28:10,17:32:10,HOURLY_LOG_ARCHIVE,時間ごとログアーカイブ,4,436,Success,
2025-05-08,18:12:39,18:16:39,HOURLY_LOG_ARCHIVE,時間ごとログアーカイブ,4,185,Success,
2025-05-08,19:05:35,19:09:35,HOURLY_LOG_ARCHIVE,時間ごとログアーカイブ,4,122,Success,
2025-05-08,20:58:16,21:00:16,HOURLY_LOG_ARCHIVE,時間ごとログアーカイブ,2,467,Success,
2025-05-08,21:53:49,21:55:49,HOURLY_LOG_ARCHIVE,時間ごとログアーカイブ,2,402,Success,
2025-05-08,22:57:30,22:59:30,HOURLY_LOG_ARCHIVE,時間ごとログアーカイブ,2,320,Success,
2025-05-08,23:08:18,23:10:18,HOURLY_LOG_ARCHIVE,時間ごとログアーカイブ,2,144,Success,
2025-05-09,00:31:32,00:54:32,DAILY_SALES_SUMMARY,日次売上集計,23,41255,Success,
2025-05-09,01:00:53,01:38:53,DAILY_INVENTORY_UPDATE,日次在庫更新,38,46986,Success,
2025-05-09,02:00:15,02:16:15,DAILY_CUSTOMER_SYNC,日次顧客情報同期,16,32130,Success,
2025-05-09,03:00:17,03:43:17,DAILY_REPORT_GEN,日次レポート生成,43,13990,Success,
2025-05-09,00:20:16,00:25:16,HOURLY_LOG_ARCHIVE,時間ごとログアーカイブ,5,217,Success,
2025-05-09,01:39:53,01:44:53,HOURLY_LOG_ARCHIVE,時間ごとログアーカイブ,5,155,Success,
2025-05-09,02:16:38,02:20:38,HOURLY_LOG_ARCHIVE,時間ごとログアーカイブ,4,484,Success,
2025-05-09,03:49:04,03:51:04,HOURLY_LOG_ARCHIVE,時間ごとログアーカイブ,2,302,Success,
2025-05-09,04:55:43,04:59:43,HOURLY_LOG_ARCHIVE,時間ごとログアーカイブ,4,231,Success,
2025-05-09,05:56:39,06:01:39,HOURLY_LOG_ARCHIVE,時間ごとログアーカイブ,5,174,Success,
2025-05-09,06:52:19,06:55:19,HOURLY_LOG_ARCHIVE,時間ごとログアーカイブ,3,439,Success,
2025-05-09,07:38:33,07:43:33,HOURLY_LOG_ARCHIVE,時間ごとログアーカイブ,5,278,Success,
2025-05-09,08:13:25,08:16:25,HOURLY_LOG_ARCHIVE,時間ごとログアーカイブ,3,477,Success,
2025-05-09,09:04:53,09:06:53,HOURLY_LOG_ARCHIVE,時間ごとログアーカイブ,2,413,Success,
2025-05-09,10:45:21,10:47:21,HOURLY_LOG_ARCHIVE,時間ごとログアーカイブ,2,102,Success,
2025-05-09,11:32:44,11:37:44,HOURLY_LOG_ARCHIVE,時間ごとログアーカイブ,5,274,Success,
2025-05-09,12:44:03,12:46:03,HOURLY_LOG_ARCHIVE,時間ごとログアーカイブ,2,345,Success,
2025-05-09,13:30:04,13:33:04,HOURLY_LOG_ARCHIVE,時間ごとログアーカイブ,3,451,Success,
2025-05-09,14:12:20,14:17:20,HOURLY_LOG_ARCHIVE,時間ごとログアーカイブ,5,195,Success,
2025-05-09,15:57:49,16:02:49,HOURLY_LOG_ARCHIVE,時間ごとログアーカイブ,5,159,Success,
2025-05-09,16:33:50,16:38:50,HOURLY_LOG_ARCHIVE,時間ごとログアーカイブ,5,273,Success,
2025-05-09,17:55:38,18:00:38,HOURLY_LOG_ARCHIVE,時間ごとログアーカイブ,5,319,Success,
2025-05-09,18:05:13,18:07:13,HOURLY_LOG_ARCHIVE,時間ごとログアーカイブ,2,421,Success,
2025-05-09,19:08:11,19:13:11,HOURLY_LOG_ARCHIVE,時間ごとログアーカイブ,5,445,Success,
2025-05-09,20:15:24,20:20:24,HOURLY_LOG_ARCHIVE,時間ごとログアーカイブ,5,275,Success,
2025-05-09,21:38:30,21:40:30,HOURLY_LOG_ARCHIVE,時間ごとログアーカイブ,2,303,Success,
2025-05-09,22:50:26,22:55:26,HOURLY_LOG_ARCHIVE,時間ごとログアーカイブ,5,206,Success,
2025-05-09,23:48:42,23:52:42,HOURLY_LOG_ARCHIVE,時間ごとログアーカイブ,4,108,Success,
2025-05-10,00:25:43,00:42:43,DAILY_SALES_SUMMARY,日次売上集計,17,1504,Success,
2025-05-10,01:01:08,01:32:08,DAILY_INVENTORY_UPDATE,日次在庫更新,31,43146,Success,
2025-05-10,02:00:49,02:18:49,DAILY_CUSTOMER_SYNC,日次顧客情報同期,18,26634,Success,
2025-05-10,03:00:55,03:38:55,DAILY_REPORT_GEN,日次レポート生成,38,42571,Success,
2025-05-10,00:38:46,00:42:46,HOURLY_LOG_ARCHIVE,時間ごとログアーカイブ,4,197,Success,
2025-05-10,01:14:59,01:16:59,HOURLY_LOG_ARCHIVE,時間ごとログアーカイブ,2,129,Success,
2025-05-10,02:29:24,02:32:24,HOURLY_LOG_ARCHIVE,時間ごとログアーカイブ,3,355,Success,
2025-05-10,03:11:12,03:16:12,HOURLY_LOG_ARCHIVE,時間ごとログアーカイブ,5,225,Success,
2025-05-10,04:07:33,04:12:33,HOURLY_LOG_ARCHIVE,時間ごとログアーカイブ,5,265,Success,
2025-05-10,05:08:05,05:10:05,HOURLY_LOG_ARCHIVE,時間ごとログアーカイブ,2,247,Success,
2025-05-10,06:15:47,06:18:47,HOURLY_LOG_ARCHIVE,時間ごとログアーカイブ,3,234,Success,
2025-05-10,07:04:44,07:09:44,HOURLY_LOG_ARCHIVE,時間ごとログアーカイブ,5,246,Success,
2025-05-10,08:53:34,08:57:34,HOURLY_LOG_ARCHIVE,時間ごとログアーカイブ,4,281,Success,
2025-05-10,09:39:53,09:42:53,HOURLY_LOG_ARCHIVE,時間ごとログアーカイブ,3,138,Success,
2025-05-10,10:04:17,10:08:17,HOURLY_LOG_ARCHIVE,時間ごとログアーカイブ,4,238,Success,
2025-05-10,11:26:07,11:31:07,HOURLY_LOG_ARCHIVE,時間ごとログアーカイブ,5,195,Success,
2025-05-10,12:03:22,12:07:22,HOURLY_LOG_ARCHIVE,時間ごとログアーカイブ,4,224,Success,
2025-05-10,13:17:48,13:20:48,HOURLY_LOG_ARCHIVE,時間ごとログアーカイブ,3,285,Success,
2025-05-10,14:44:47,14:48:47,HOURLY_LOG_ARCHIVE,時間ごとログアーカイブ,4,225,Success,
2025-05-10,15:12:14,15:17:14,HOURLY_LOG_ARCHIVE,時間ごとログアーカイブ,5,194,Success,
2025-05-10,16:15:26,16:18:26,HOURLY_LOG_ARCHIVE,時間ごとログアーカイブ,3,358,Success,
2025-05-10,17:18:14,17:21:14,HOURLY_LOG_ARCHIVE,時間ごとログアーカイブ,3,166,Success,
2025-05-10,18:32:34,18:36:34,HOURLY_LOG_ARCHIVE,時間ごとログアーカイブ,4,470,Success,
2025-05-10,19:57:39,20:01:39,HOURLY_LOG_ARCHIVE,時間ごとログアーカイブ,4,371,Success,
2025-05-10,20:10:40,20:13:40,HOURLY_LOG_ARCHIVE,時間ごとログアーカイブ,3,194,Success,
2025-05-10,21:45:52,21:50:52,HOURLY_LOG_ARCHIVE,時間ごとログアーカイブ,5,201,Success,
2025-05-10,22:31:51,22:34:51,HOURLY_LOG_ARCHIVE,時間ごとログアーカイブ,3,295,Success,
2025-05-10,23:14:19,23:18:19,HOURLY_LOG_ARCHIVE,時間ごとログアーカイブ,4,290,Success,
2025-05-11,00:25:06,00:51:06,DAILY_SALES_SUMMARY,日次売上集計,26,15704,Success,
2025-05-11,01:00:11,01:25:11,DAILY_INVENTORY_UPDATE,日次在庫更新,25,45222,Success,
2025-05-11,02:02:31,02:25:31,DAILY_CUSTOMER_SYNC,日次顧客情報同期,23,20613,Success,
2025-05-11,03:00:28,03:35:28,DAILY_REPORT_GEN,日次レポート生成,35,27227,Success,
2025-05-11,00:39:07,00:43:07,HOURLY_LOG_ARCHIVE,時間ごとログアーカイブ,4,198,Success,
2025-05-11,01:25:28,01:30:28,HOURLY_LOG_ARCHIVE,時間ごとログアーカイブ,5,215,Success,
2025-05-11,02:44:11,02:48:11,HOURLY_LOG_ARCHIVE,時間ごとログアーカイブ,4,221,Success,
2025-05-11,03:19:36,03:22:36,HOURLY_LOG_ARCHIVE,時間ごとログアーカイブ,3,129,Success,
2025-05-11,04:34:26,04:36:26,HOURLY_LOG_ARCHIVE,時間ごとログアーカイブ,2,183,Success,
2025-05-11,05:43:21,05:46:21,HOURLY_LOG_ARCHIVE,時間ごとログアーカイブ,3,262,Success,
2025-05-11,06:45:04,06:49:04,HOURLY_LOG_ARCHIVE,時間ごとログアーカイブ,4,362,Success,
2025-05-11,07:54:16,07:58:16,HOURLY_LOG_ARCHIVE,時間ごとログアーカイブ,4,106,Success,
2025-05-11,08:49:10,08:52:10,HOURLY_LOG_ARCHIVE,時間ごとログアーカイブ,3,276,Success,
2025-05-11,09:51:14,09:54:14,HOURLY_LOG_ARCHIVE,時間ごとログアーカイブ,3,137,Success,
2025-05-11,10:35:58,10:40:58,HOURLY_LOG_ARCHIVE,時間ごとログアーカイブ,5,317,Success,
2025-05-11,11:17:43,11:19:43,HOURLY_LOG_ARCHIVE,時間ごとログアーカイブ,2,246,Success,
2025-05-11,12:48:27,12:53:27,HOURLY_LOG_ARCHIVE,時間ごとログアーカイブ,5,103,Success,
2025-05-11,13:51:29,13:56:29,HOURLY_LOG_ARCHIVE,時間ごとログアーカイブ,5,255,Success,
2025-05-11,14:21:18,14:25:18,HOURLY_LOG_ARCHIVE,時間ごとログアーカイブ,4,478,Success,
2025-05-11,15:28:57,15:33:57,HOURLY_LOG_ARCHIVE,時間ごとログアーカイブ,5,131,Success,
2025-05-11,16:34:32,16:39:32,HOURLY_LOG_ARCHIVE,時間ごとログアーカイブ,5,448,Success,
2025-05-11,17:55:15,18:00:15,HOURLY_LOG_ARCHIVE,時間ごとログアーカイブ,5,217,Success,
2025-05-11,18:23:22,18:28:22,HOURLY_LOG_ARCHIVE,時間ごとログアーカイブ,5,175,Success,
2025-05-11,19:07:35,19:10:35,HOURLY_LOG_ARCHIVE,時間ごとログアーカイブ,3,267,Success,
2025-05-11,20:28:46,20:30:46,HOURLY_LOG_ARCHIVE,時間ごとログアーカイブ,2,317,Success,
2025-05-11,21:53:56,21:57:56,HOURLY_LOG_ARCHIVE,時間ごとログアーカイブ,4,479,Success,
2025-05-11,22:08:56,22:13:56,HOURLY_LOG_ARCHIVE,時間ごとログアーカイブ,5,391,Success,
2025-05-11,23:26:27,23:31:27,HOURLY_LOG_ARCHIVE,時間ごとログアーカイブ,5,319,Success,
2025-05-12,00:33:56,00:55:56,DAILY_SALES_SUMMARY,日次売上集計,22,49333,Success,
2025-05-12,01:01:56,01:26:56,DAILY_INVENTORY_UPDATE,日次在庫更新,25,18192,Success,
2025-05-12,02:00:07,02:21:07,DAILY_CUSTOMER_SYNC,日次顧客情報同期,21,45823,Success,
2025-05-12,03:03:03,03:47:03,DAILY_REPORT_GEN,日次レポート生成,44,22199,Success,
2025-05-12,04:05:43,05:07:43,WEEKLY_BACKUP_VERIFY,週次バックアップ検証,62,4655,Success,
2025-05-12,00:59:41,01:04:41,HOURLY_LOG_ARCHIVE,時間ごとログアーカイブ,5,266,Success,
2025-05-12,01:07:54,01:10:54,HOURLY_LOG_ARCHIVE,時間ごとログアーカイブ,3,482,Success,
2025-05-12,02:11:40,02:15:40,HOURLY_LOG_ARCHIVE,時間ごとログアーカイブ,4,358,Success,
2025-05-12,03:41:39,03:46:39,HOURLY_LOG_ARCHIVE,時間ごとログアーカイブ,5,227,Success,
2025-05-12,04:59:25,05:02:25,HOURLY_LOG_ARCHIVE,時間ごとログアーカイブ,3,346,Success,
2025-05-12,05:34:43,05:37:43,HOURLY_LOG_ARCHIVE,時間ごとログアーカイブ,3,221,Success,
2025-05-12,06:26:51,06:28:51,HOURLY_LOG_ARCHIVE,時間ごとログアーカイブ,2,329,Success,
2025-05-12,07:22:59,07:27:59,HOURLY_LOG_ARCHIVE,時間ごとログアーカイブ,5,359,Success,
2025-05-12,08:06:46,08:11:46,HOURLY_LOG_ARCHIVE,時間ごとログアーカイブ,5,384,Success,
2025-05-12,09:45:32,09:49:32,HOURLY_LOG_ARCHIVE,時間ごとログアーカイブ,4,177,Success,
2025-05-12,10:05:22,10:07:22,HOURLY_LOG_ARCHIVE,時間ごとログアーカイブ,2,171,Success,
2025-05-12,11:27:53,11:30:53,HOURLY_LOG_ARCHIVE,時間ごとログアーカイブ,3,180,Success,
2025-05-12,12:42:26,12:44:26,HOURLY_LOG_ARCHIVE,時間ごとログアーカイブ,2,489,Success,
2025-05-12,13:52:45,13:55:45,HOURLY_LOG_ARCHIVE,時間ごとログアーカイブ,3,456,Success,
2025-05-12,14:14:56,14:16:56,HOURLY_LOG_ARCHIVE,時間ごとログアーカイブ,2,437,Success,
2025-05-12,15:21:55,15:23:55,HOURLY_LOG_ARCHIVE,時間ごとログアーカイブ,2,190,Success,
2025-05-12,16:46:08,16:48:08,HOURLY_LOG_ARCHIVE,時間ごとログアーカイブ,2,187,Success,
2025-05-12,17:09:55,17:13:55,HOURLY_LOG_ARCHIVE,時間ごとログアーカイブ,4,195,Success,
2025-05-12,18:48:36,18:53:36,HOURLY_LOG_ARCHIVE,時間ごとログアーカイブ,5,112,Success,
2025-05-12,19:21:15,19:23:15,HOURLY_LOG_ARCHIVE,時間ごとログアーカイブ,2,388,Success,
2025-05-12,20:19:29,20:22:29,HOURLY_LOG_ARCHIVE,時間ごとログアーカイブ,3,101,Success,
2025-05-12,21:24:01,21:29:01,HOURLY_LOG_ARCHIVE,時間ごとログアーカイブ,5,319,Success,
2025-05-12,22:31:23,22:34:23,HOURLY_LOG_ARCHIVE,時間ごとログアーカイブ,3,330,Success,
2025-05-12,23:31:56,23:36:56,HOURLY_LOG_ARCHIVE,時間ごとログアーカイブ,5,364,Success,
2025-05-13,00:28:22,00:52:22,DAILY_SALES_SUMMARY,日次売上集計,24,5070,Success,
2025-05-13,01:05:28,01:29:28,DAILY_INVENTORY_UPDATE,日次在庫更新,24,17486,Success,
2025-05-13,02:00:49,02:12:49,DAILY_CUSTOMER_SYNC,日次顧客情報同期,12,6416,Success,
2025-05-13,03:00:11,03:58:11,DAILY_REPORT_GEN,日次レポート生成,58,43072,Success,
2025-05-13,00:08:24,00:11:24,HOURLY_LOG_ARCHIVE,時間ごとログアーカイブ,3,277,Success,
2025-05-13,01:45:05,01:48:05,HOURLY_LOG_ARCHIVE,時間ごとログアーカイブ,3,231,Success,
2025-05-13,02:43:44,02:47:44,HOURLY_LOG_ARCHIVE,時間ごとログアーカイブ,4,367,Success,
2025-05-13,03:01:49,03:03:49,HOURLY_LOG_ARCHIVE,時間ごとログアーカイブ,2,218,Success,
2025-05-13,04:54:06,04:58:06,HOURLY_LOG_ARCHIVE,時間ごとログアーカイブ,4,118,Success,
2025-05-13,05:26:27,05:28:27,HOURLY_LOG_ARCHIVE,時間ごとログアーカイブ,2,361,Success,
2025-05-13,06:09:46,06:13:46,HOURLY_LOG_ARCHIVE,時間ごとログアーカイブ,4,266,Success,
2025-05-13,07:22:17,07:27:17,HOURLY_LOG_ARCHIVE,時間ごとログアーカイブ,5,231,Success,
2025-05-13,08:10:35,08:12:35,HOURLY_LOG_ARCHIVE,時間ごとログアーカイブ,2,405,Success,
2025-05-13,09:27:44,09:31:44,HOURLY_LOG_ARCHIVE,時間ごとログアーカイブ,4,192,Success,
2025-05-13,10:30:26,10:34:26,HOURLY_LOG_ARCHIVE,時間ごとログアーカイブ,4,367,Success,
2025-05-13,11:23:22,11:26:22,HOURLY_LOG_ARCHIVE,時間ごとログアーカイブ,3,172,Success,
2025-05-13,12:54:10,12:59:10,HOURLY_LOG_ARCHIVE,時間ごとログアーカイブ,5,425,Success,
2025-05-13,13:23:19,13:27:19,HOURLY_LOG_ARCHIVE,時間ごとログアーカイブ,4,333,Success,
2025-05-13,14:29:18,14:33:18,HOURLY_LOG_ARCHIVE,時間ごとログアーカイブ,4,445,Success,
2025-05-13,15:28:09,15:30:09,HOURLY_LOG_ARCHIVE,時間ごとログアーカイブ,2,406,Success,
2025-05-13,16:54:35,16:57:35,HOURLY_LOG_ARCHIVE,時間ごとログアーカイブ,3,393,Success,
2025-05-13,17:56:46,18:01:46,HOURLY_LOG_ARCHIVE,時間ごとログアーカイブ,5,281,Success,
2025-05-13,18:58:10,19:00:10,HOURLY_LOG_ARCHIVE,時間ごとログアーカイブ,2,418,Success,
2025-05-13,19:38:04,19:42:04,HOURLY_LOG_ARCHIVE,時間ごとログアーカイブ,4,124,Success,
2025-05-13,20:42:27,20:44:27,HOURLY_LOG_ARCHIVE,時間ごとログアーカイブ,2,136,Success,
2025-05-13,21:29:53,21:31:53,HOURLY_LOG_ARCHIVE,時間ごとログアーカイブ,2,320,Success,
2025-05-13,22:18:59,22:20:59,HOURLY_LOG_ARCHIVE,時間ごとログアーカイブ,2,108,Success,
2025-05-13,23:01:48,23:03:48,HOURLY_LOG_ARCHIVE,時間ごとログアーカイブ,2,259,Success,
2025-05-14,00:34:15,01:04:15,DAILY_SALES_SUMMARY,日次売上集計,30,28675,Success,
2025-05-14,01:00:45,01:39:45,DAILY_INVENTORY_UPDATE,日次在庫更新,39,5689,Success,
2025-05-14,02:02:54,02:14:54,DAILY_CUSTOMER_SYNC,日次顧客情報同期,12,9080,Success,
2025-05-14,03:05:52,03:59:52,DAILY_REPORT_GEN,日次レポート生成,54,24550,Success,
2025-05-14,00:19:25,00:22:25,HOURLY_LOG_ARCHIVE,時間ごとログアーカイブ,3,328,Success,
2025-05-14,01:37:35,01:39:35,HOURLY_LOG_ARCHIVE,時間ごとログアーカイブ,2,307,Success,
2025-05-14,02:40:01,02:45:01,HOURLY_LOG_ARCHIVE,時間ごとログアーカイブ,5,335,Success,
2025-05-14,03:20:16,03:22:16,HOURLY_LOG_ARCHIVE,時間ごとログアーカイブ,2,180,Success,
2025-05-14,04:45:34,04:49:34,HOURLY_LOG_ARCHIVE,時間ごとログアーカイブ,4,228,Success,
2025-05-14,05:09:52,05:12:52,HOURLY_LOG_ARCHIVE,時間ごとログアーカイブ,3,272,Success,
2025-05-14,06:06:11,06:11:11,HOURLY_LOG_ARCHIVE,時間ごとログアーカイブ,5,219,Success,
2025-05-14,07:05:47,07:07:47,HOURLY_LOG_ARCHIVE,時間ごとログアーカイブ,2,443,Success,
2025-05-14,08:01:42,08:04:42,HOURLY_LOG_ARCHIVE,時間ごとログアーカイブ,3,109,Success,
2025-05-14,09:48:59,09:52:59,HOURLY_LOG_ARCHIVE,時間ごとログアーカイブ,4,351,Success,
2025-05-14,10:19:36,10:22:36,HOURLY_LOG_ARCHIVE,時間ごとログアーカイブ,3,158,Success,
2025-05-14,11:21:02,11:26:02,HOURLY_LOG_ARCHIVE,時間ごとログアーカイブ,5,304,Success,
2025-05-14,12:53:17,12:57:17,HOURLY_LOG_ARCHIVE,時間ごとログアーカイブ,4,246,Success,
2025-05-14,13:28:40,13:30:40,HOURLY_LOG_ARCHIVE,時間ごとログアーカイブ,2,172,Success,
2025-05-14,14:58:09,15:00:09,HOURLY_LOG_ARCHIVE,時間ごとログアーカイブ,2,268,Success,
2025-05-14,15:17:31,15:21:31,HOURLY_LOG_ARCHIVE,時間ごとログアーカイブ,4,200,Success,
2025-05-14,16:31:48,16:35:48,HOURLY_LOG_ARCHIVE,時間ごとログアーカイブ,4,421,Success,
2025-05-14,17:00:48,17:03:48,HOURLY_LOG_ARCHIVE,時間ごとログアーカイブ,3,444,Success,
2025-05-14,18:32:04,18:36:04,HOURLY_LOG_ARCHIVE,時間ごとログアーカイブ,4,347,Success,
2025-05-14,19:13:50,19:16:50,HOURLY_LOG_ARCHIVE,時間ごとログアーカイブ,3,182,Success,
2025-05-14,20:58:23,21:00:23,HOURLY_LOG_ARCHIVE,時間ごとログアーカイブ,2,122,Success,
2025-05-14,21:01:53,21:06:53,HOURLY_LOG_ARCHIVE,時間ごとログアーカイブ,5,288,Success,
2025-05-14,22:34:15,22:39:15,HOURLY_LOG_ARCHIVE,時間ごとログアーカイブ,5,354,Success,
2025-05-14,23:50:55,23:52:55,HOURLY_LOG_ARCHIVE,時間ごとログアーカイブ,2,240,Success,
2025-05-15,00:35:34,01:02:34,DAILY_SALES_SUMMARY,日次売上集計,27,32345,Success,
2025-05-15,01:00:05,01:29:05,DAILY_INVENTORY_UPDATE,日次在庫更新,29,25527,Success,
2025-05-15,02:00:40,02:25:40,DAILY_CUSTOMER_SYNC,日次顧客情報同期,25,28746,Success,
2025-05-15,03:01:42,03:51:42,DAILY_REPORT_GEN,日次レポート生成,50,38599,Success,
2025-05-15,00:49:11,00:51:11,HOURLY_LOG_ARCHIVE,時間ごとログアーカイブ,2,310,Success,
2025-05-15,01:19:29,01:24:29,HOURLY_LOG_ARCHIVE,時間ごとログアーカイブ,5,247,Success,
2025-05-15,02:31:46,02:34:46,HOURLY_LOG_ARCHIVE,時間ごとログアーカイブ,3,467,Success,
2025-05-15,03:56:58,03:59:58,HOURLY_LOG_ARCHIVE,時間ごとログアーカイブ,3,262,Success,
2025-05-15,04:34:03,04:36:03,HOURLY_LOG_ARCHIVE,時間ごとログアーカイブ,2,346,Success,
2025-05-15,05:10:32,05:12:32,HOURLY_LOG_ARCHIVE,時間ごとログアーカイブ,2,459,Success,
2025-05-15,06:32:17,06:36:17,HOURLY_LOG_ARCHIVE,時間ごとログアーカイブ,4,334,Success,
2025-05-15,07:58:08,08:00:08,HOURLY_LOG_ARCHIVE,時間ごとログアーカイブ,2,164,Success,
2025-05-15,08:00:15,08:02:15,HOURLY_LOG_ARCHIVE,時間ごとログアーカイブ,2,186,Success,
2025-05-15,09:01:29,09:03:29,HOURLY_LOG_ARCHIVE,時間ごとログアーカイブ,2,207,Success,
2025-05-15,10:57:04,10:59:04,HOURLY_LOG_ARCHIVE,時間ごとログアーカイブ,2,429,Success,
2025-05-15,11:31:21,11:35:21,HOURLY_LOG_ARCHIVE,時間ごとログアーカイブ,4,192,Success,
2025-05-15,12:19:08,12:24:08,HOURLY_LOG_ARCHIVE,時間ごとログアーカイブ,5,249,Success,
2025-05-15,13:59:35,14:02:35,HOURLY_LOG_ARCHIVE,時間ごとログアーカイブ,3,440,Success,
2025-05-15,14:45:33,14:49:33,HOURLY_LOG_ARCHIVE,時間ごとログアーカイブ,4,413,Success,
2025-05-15,15:30:12,15:34:12,HOURLY_LOG_ARCHIVE,時間ごとログアーカイブ,4,394,Success,
2025-05-15,16:42:33,16:45:33,HOURLY_LOG_ARCHIVE,時間ごとログアーカイブ,3,445,Success,
2025-05-15,17:45:17,17:48:17,HOURLY_LOG_ARCHIVE,時間ごとログアーカイブ,3,469,Success,
2025-05-15,18:11:21,18:13:21,HOURLY_LOG_ARCHIVE,時間ごとログアーカイブ,2,223,Success,
2025-05-15,19:40:40,19:43:40,HOURLY_LOG_ARCHIVE,時間ごとログアーカイブ,3,164,Success,
2025-05-15,20:18:25,20:20:25,HOURLY_LOG_ARCHIVE,時間ごとログアーカイブ,2,130,Success,
2025-05-15,21:44:31,21:48:31,HOURLY_LOG_ARCHIVE,時間ごとログアーカイブ,4,476,Success,
2025-05-15,22:59:50,23:03:50,HOURLY_LOG_ARCHIVE,時間ごとログアーカイブ,4,233,Success,
2025-05-15,23:38:36,23:42:36,HOURLY_LOG_ARCHIVE,時間ごとログアーカイブ,4,479,Success,
2025-05-16,00:34:08,01:01:08,DAILY_SALES_SUMMARY,日次売上集計,27,34260,Success,
2025-05-16,01:00:20,01:28:20,DAILY_INVENTORY_UPDATE,日次在庫更新,28,25029,Success,
2025-05-16,02:01:11,02:12:11,DAILY_CUSTOMER_SYNC,日次顧客情報同期,11,3536,Success,
2025-05-16,03:00:22,03:42:22,DAILY_REPORT_GEN,日次レポート生成,42,47131,Success,
2025-05-16,00:21:45,00:25:45,HOURLY_LOG_ARCHIVE,時間ごとログアーカイブ,4,464,Success,
2025-05-16,01:42:02,01:44:02,HOURLY_LOG_ARCHIVE,時間ごとログアーカイブ,2,255,Success,
2025-05-16,02:17:43,02:22:43,HOURLY_LOG_ARCHIVE,時間ごとログアーカイブ,5,395,Success,
2025-05-16,03:49:51,03:54:51,HOURLY_LOG_ARCHIVE,時間ごとログアーカイブ,5,121,Success,
2025-05-16,04:40:30,04:44:30,HOURLY_LOG_ARCHIVE,時間ごとログアーカイブ,4,143,Success,
2025-05-16,05:44:55,05:48:55,HOURLY_LOG_ARCHIVE,時間ごとログアーカイブ,4,399,Success,
2025-05-16,06:52:58,06:55:58,HOURLY_LOG_ARCHIVE,時間ごとログアーカイブ,3,320,Success,
2025-05-16,07:38:44,07:41:44,HOURLY_LOG_ARCHIVE,時間ごとログアーカイブ,3,482,Success,
2025-05-16,08:44:37,08:49:37,HOURLY_LOG_ARCHIVE,時間ごとログアーカイブ,5,491,Success,
2025-05-16,09:17:15,09:22:15,HOURLY_LOG_ARCHIVE,時間ごとログアーカイブ,5,376,Success,
2025-05-16,10:12:03,10:17:03,HOURLY_LOG_ARCHIVE,時間ごとログアーカイブ,5,310,Success,
2025-05-16,11:42:29,11:44:29,HOURLY_LOG_ARCHIVE,時間ごとログアーカイブ,2,327,Success,
2025-05-16,12:58:21,13:00:21,HOURLY_LOG_ARCHIVE,時間ごとログアーカイブ,2,326,Success,
2025-05-16,13:19:12,13:21:12,HOURLY_LOG_ARCHIVE,時間ごとログアーカイブ,2,343,Success,
2025-05-16,14:09:27,14:13:27,HOURLY_LOG_ARCHIVE,時間ごとログアーカイブ,4,246,Success,
2025-05-16,15:32:30,15:34:30,HOURLY_LOG_ARCHIVE,時間ごとログアーカイブ,2,500,Success,
2025-05-16,16:59:41,17:03:41,HOURLY_LOG_ARCHIVE,時間ごとログアーカイブ,4,135,Success,
2025-05-16,17:40:32,17:45:32,HOURLY_LOG_ARCHIVE,時間ごとログアーカイブ,5,356,Success,
2025-05-16,18:27:09,18:32:09,HOURLY_LOG_ARCHIVE,時間ごとログアーカイブ,5,427,Success,
2025-05-16,19:30:51,19:34:51,HOURLY_LOG_ARCHIVE,時間ごとログアーカイブ,4,255,Success,
2025-05-16,20:43:40,20:45:40,HOURLY_LOG_ARCHIVE,時間ごとログアーカイブ,2,213,Success,
2025-05-16,21:31:40,21:35:40,HOURLY_LOG_ARCHIVE,時間ごとログアーカイブ,4,131,Success,
2025-05-16,22:20:40,22:25:40,HOURLY_LOG_ARCHIVE,時間ごとログアーカイブ,5,291,Success,
2025-05-16,23:21:29,23:24:29,HOURLY_LOG_ARCHIVE,時間ごとログアーカイブ,3,455,Success,
2025-05-17,00:33:58,00:56:58,DAILY_SALES_SUMMARY,日次売上集計,23,27440,Success,
2025-05-17,01:00:31,01:34:31,DAILY_INVENTORY_UPDATE,日次在庫更新,34,36948,Success,
2025-05-17,02:05:08,02:23:08,DAILY_CUSTOMER_SYNC,日次顧客情報同期,18,4239,Success,
2025-05-17,03:00:15,03:35:15,DAILY_REPORT_GEN,日次レポート生成,35,0,Failed,Data validation error
2025-05-17,00:44:05,00:49:05,HOURLY_LOG_ARCHIVE,時間ごとログアーカイブ,5,300,Success,
2025-05-17,01:47:43,01:52:43,HOURLY_LOG_ARCHIVE,時間ごとログアーカイブ,5,123,Success,
2025-05-17,02:33:00,02:36:00,HOURLY_LOG_ARCHIVE,時間ごとログアーカイブ,3,183,Success,
2025-05-17,03:34:36,03:39:36,HOURLY_LOG_ARCHIVE,時間ごとログアーカイブ,5,244,Success,
2025-05-17,04:36:04,04:39:04,HOURLY_LOG_ARCHIVE,時間ごとログアーカイブ,3,367,Success,
2025-05-17,05:02:52,05:07:52,HOURLY_LOG_ARCHIVE,時間ごとログアーカイブ,5,253,Success,
2025-05-17,06:59:52,07:04:52,HOURLY_LOG_ARCHIVE,時間ごとログアーカイブ,5,336,Success,
2025-05-17,07:31:45,07:35:45,HOURLY_LOG_ARCHIVE,時間ごとログアーカイブ,4,392,Success,
2025-05-17,08:08:14,08:10:14,HOURLY_LOG_ARCHIVE,時間ごとログアーカイブ,2,353,Success,
2025-05-17,09:26:09,09:28:09,HOURLY_LOG_ARCHIVE,時間ごとログアーカイブ,2,419,Success,
2025-05-17,10:26:24,10:29:24,HOURLY_LOG_ARCHIVE,時間ごとログアーカイブ,3,417,Success,
2025-05-17,11:10:09,11:12:09,HOURLY_LOG_ARCHIVE,時間ごとログアーカイブ,2,171,Success,
2025-05-17,12:31:17,12:36:17,HOURLY_LOG_ARCHIVE,時間ごとログアーカイブ,5,430,Success,
2025-05-17,13:41:55,13:46:55,HOURLY_LOG_ARCHIVE,時間ごとログアーカイブ,5,108,Success,
2025-05-17,14:45:23,14:48:23,HOURLY_LOG_ARCHIVE,時間ごとログアーカイブ,3,175,Success,
2025-05-17,15:34:18,15:37:18,HOURLY_LOG_ARCHIVE,時間ごとログアーカイブ,3,131,Success,
2025-05-17,16:52:31,16:55:31,HOURLY_LOG_ARCHIVE,時間ごとログアーカイブ,3,474,Success,
2025-05-17,17:40:56,17:44:56,HOURLY_LOG_ARCHIVE,時間ごとログアーカイブ,4,186,Success,
2025-05-17,18:32:40,18:36:40,HOURLY_LOG_ARCHIVE,時間ごとログアーカイブ,4,141,Success,
2025-05-17,19:09:42,19:13:42,HOURLY_LOG_ARCHIVE,時間ごとログアーカイブ,4,246,Success,
2025-05-17,20:43:22,20:47:22,HOURLY_LOG_ARCHIVE,時間ごとログアーカイブ,4,494,Success,
2025-05-17,21:13:35,21:18:35,HOURLY_LOG_ARCHIVE,時間ごとログアーカイブ,5,252,Success,
2025-05-17,22:10:11,22:14:11,HOURLY_LOG_ARCHIVE,時間ごとログアーカイブ,4,392,Success,
2025-05-17,23:17:52,23:22:52,HOURLY_LOG_ARCHIVE,時間ごとログアーカイブ,5,493,Success,
2025-05-18,00:26:09,00:46:09,DAILY_SALES_SUMMARY,日次売上集計,20,48735,Success,
2025-05-18,01:00:32,01:28:32,DAILY_INVENTORY_UPDATE,日次在庫更新,28,20210,Success,
2025-05-18,02:02:12,02:17:12,DAILY_CUSTOMER_SYNC,日次顧客情報同期,15,8120,Success,
2025-05-18,03:00:12,03:32:12,DAILY_REPORT_GEN,日次レポート生成,32,2919,Success,
2025-05-18,00:33:18,00:37:18,HOURLY_LOG_ARCHIVE,時間ごとログアーカイブ,4,141,Success,
2025-05-18,01:26:53,01:31:53,HOURLY_LOG_ARCHIVE,時間ごとログアーカイブ,5,137,Success,
2025-05-18,02:15:35,02:17:35,HOURLY_LOG_ARCHIVE,時間ごとログアーカイブ,2,305,Success,
2025-05-18,03:54:41,03:58:41,HOURLY_LOG_ARCHIVE,時間ごとログアーカイブ,4,155,Success,
2025-05-18,04:40:13,04:45:13,HOURLY_LOG_ARCHIVE,時間ごとログアーカイブ,5,259,Success,
2025-05-18,05:54:41,05:59:41,HOURLY_LOG_ARCHIVE,時間ごとログアーカイブ,5,362,Success,
2025-05-18,06:45:42,06:47:42,HOURLY_LOG_ARCHIVE,時間ごとログアーカイブ,2,139,Success,
2025-05-18,07:11:53,07:14:53,HOURLY_LOG_ARCHIVE,時間ごとログアーカイブ,3,355,Success,
2025-05-18,08:08:16,08:10:16,HOURLY_LOG_ARCHIVE,時間ごとログアーカイブ,2,292,Success,
2025-05-18,09:04:45,09:07:45,HOURLY_LOG_ARCHIVE,時間ごとログアーカイブ,3,105,Success,
2025-05-18,10:20:02,10:22:02,HOURLY_LOG_ARCHIVE,時間ごとログアーカイブ,2,162,Success,
2025-05-18,11:17:08,11:21:08,HOURLY_LOG_ARCHIVE,時間ごとログアーカイブ,4,491,Success,
2025-05-18,12:46:18,12:51:18,HOURLY_LOG_ARCHIVE,時間ごとログアーカイブ,5,335,Success,
2025-05-18,13:21:28,13:23:28,HOURLY_LOG_ARCHIVE,時間ごとログアーカイブ,2,209,Success,
2025-05-18,14:10:03,14:15:03,HOURLY_LOG_ARCHIVE,時間ごとログアーカイブ,5,112,Success,
2025-05-18,15:03:00,15:05:00,HOURLY_LOG_ARCHIVE,時間ごとログアーカイブ,2,458,Success,
2025-05-18,16:03:28,16:06:28,HOURLY_LOG_ARCHIVE,時間ごとログアーカイブ,3,397,Success,
2025-05-18,17:36:58,17:40:58,HOURLY_LOG_ARCHIVE,時間ごとログアーカイブ,4,462,Success,
2025-05-18,18:40:02,18:43:02,HOURLY_LOG_ARCHIVE,時間ごとログアーカイブ,3,156,Success,
2025-05-18,19:09:31,19:11:31,HOURLY_LOG_ARCHIVE,時間ごとログアーカイブ,2,270,Success,
2025-05-18,20:15:08,20:19:08,HOURLY_LOG_ARCHIVE,時間ごとログアーカイブ,4,361,Success,
2025-05-18,21:06:02,21:11:02,HOURLY_LOG_ARCHIVE,時間ごとログアーカイブ,5,314,Success,
2025-05-18,22:35:01,22:39:01,HOURLY_LOG_ARCHIVE,時間ごとログアーカイブ,4,363,Success,
2025-05-18,23:22:36,23:24:36,HOURLY_LOG_ARCHIVE,時間ごとログアーカイブ,2,195,Success,
2025-05-19,00:30:20,00:47:20,DAILY_SALES_SUMMARY,日次売上集計,17,2578,Success,
2025-05-19,01:01:52,01:28:52,DAILY_INVENTORY_UPDATE,日次在庫更新,27,41819,Success,
2025-05-19,02:05:24,02:24:24,DAILY_CUSTOMER_SYNC,日次顧客情報同期,19,39209,Success,
2025-05-19,03:00:27,03:39:27,DAILY_REPORT_GEN,日次レポート生成,39,23174,Success,
2025-05-19,04:00:59,05:18:59,WEEKLY_BACKUP_VERIFY,週次バックアップ検証,78,29800,Success,
2025-05-19,00:02:31,00:04:31,HOURLY_LOG_ARCHIVE,時間ごとログアーカイブ,2,479,Success,
2025-05-19,01:03:09,01:07:09,HOURLY_LOG_ARCHIVE,時間ごとログアーカイブ,4,194,Success,
2025-05-19,02:45:19,02:47:19,HOURLY_LOG_ARCHIVE,時間ごとログアーカイブ,2,303,Success,
2025-05-19,03:06:42,03:08:42,HOURLY_LOG_ARCHIVE,時間ごとログアーカイブ,2,397,Success,
2025-05-19,04:27:25,04:31:25,HOURLY_LOG_ARCHIVE,時間ごとログアーカイブ,4,150,Success,
2025-05-19,05:53:28,05:56:28,HOURLY_LOG_ARCHIVE,時間ごとログアーカイブ,3,369,Success,
2025-05-19,06:24:47,06:27:47,HOURLY_LOG_ARCHIVE,時間ごとログアーカイブ,3,242,Success,
2025-05-19,07:06:50,07:11:50,HOURLY_LOG_ARCHIVE,時間ごとログアーカイブ,5,129,Success,
2025-05-19,08:40:15,08:45:15,HOURLY_LOG_ARCHIVE,時間ごとログアーカイブ,5,415,Success,
2025-05-19,09:52:58,09:54:58,HOURLY_LOG_ARCHIVE,時間ごとログアーカイブ,2,163,Success,
2025-05-19,10:40:49,10:44:49,HOURLY_LOG_ARCHIVE,時間ごとログアーカイブ,4,226,Success,
2025-05-19,11:52:51,11:54:51,HOURLY_LOG_ARCHIVE,時間ごとログアーカイブ,2,245,Success,
2025-05-19,12:03:38,12:05:38,HOURLY_LOG_ARCHIVE,時間ごとログアーカイブ,2,307,Success,
2025-05-19,13:07:10,13:11:10,HOURLY_LOG_ARCHIVE,時間ごとログアーカイブ,4,168,Success,
2025-05-19,14:39:02,14:41:02,HOURLY_LOG_ARCHIVE,時間ごとログアーカイブ,2,429,Success,
2025-05-19,15:27:58,15:29:58,HOURLY_LOG_ARCHIVE,時間ごとログアーカイブ,2,317,Success,
2025-05-19,16:38:22,16:41:22,HOURLY_LOG_ARCHIVE,時間ごとログアーカイブ,3,413,Success,
2025-05-19,17:58:42,18:03:42,HOURLY_LOG_ARCHIVE,時間ごとログアーカイブ,5,295,Success,
2025-05-19,18:01:21,18:05:21,HOURLY_LOG_ARCHIVE,時間ごとログアーカイブ,4,159,Success,
2025-05-19,19:48:16,19:52:16,HOURLY_LOG_ARCHIVE,時間ごとログアーカイブ,4,497,Success,
2025-05-19,20:58:53,21:00:53,HOURLY_LOG_ARCHIVE,時間ごとログアーカイブ,2,315,Success,
2025-05-19,21:50:30,21:55:30,HOURLY_LOG_ARCHIVE,時間ごとログアーカイブ,5,376,Success,
2025-05-19,22:23:34,22:27:34,HOURLY_LOG_ARCHIVE,時間ごとログアーカイブ,4,101,Success,
2025-05-19,23:54:11,23:57:11,HOURLY_LOG_ARCHIVE,時間ごとログアーカイブ,3,199,Success,
2025-05-20,00:35:06,00:50:06,DAILY_SALES_SUMMARY,日次売上集計,15,0,Failed,Timeout error
2025-05-20,01:01:07,01:35:07,DAILY_INVENTORY_UPDATE,日次在庫更新,34,9579,Success,
2025-05-20,02:00:26,02:16:26,DAILY_CUSTOMER_SYNC,日次顧客情報同期,16,43751,Success,
2025-05-20,03:00:09,03:53:09,DAILY_REPORT_GEN,日次レポート生成,53,44913,Success,
2025-05-20,00:41:18,00:43:18,HOURLY_LOG_ARCHIVE,時間ごとログアーカイブ,2,125,Success,
2025-05-20,01:43:46,01:45:46,HOURLY_LOG_ARCHIVE,時間ごとログアーカイブ,2,272,Success,
2025-05-20,02:58:43,03:01:43,HOURLY_LOG_ARCHIVE,時間ごとログアーカイブ,3,219,Success,
2025-05-20,03:34:04,03:39:04,HOURLY_LOG_ARCHIVE,時間ごとログアーカイブ,5,100,Success,
2025-05-20,04:06:07,04:11:07,HOURLY_LOG_ARCHIVE,時間ごとログアーカイブ,5,183,Success,
2025-05-20,05:44:37,05:47:37,HOURLY_LOG_ARCHIVE,時間ごとログアーカイブ,3,155,Success,
2025-05-20,06:03:34,06:07:34,HOURLY_LOG_ARCHIVE,時間ごとログアーカイブ,4,198,Success,
2025-05-20,07:31:02,07:35:02,HOURLY_LOG_ARCHIVE,時間ごとログアーカイブ,4,434,Success,
2025-05-20,08:38:55,08:41:55,HOURLY_LOG_ARCHIVE,時間ごとログアーカイブ,3,252,Success,
2025-05-20,09:14:27,09:17:27,HOURLY_LOG_ARCHIVE,時間ごとログアーカイブ,3,141,Success,
2025-05-20,10:48:13,10:50:13,HOURLY_LOG_ARCHIVE,時間ごとログアーカイブ,2,330,Success,
2025-05-20,11:08:40,11:12:40,HOURLY_LOG_ARCHIVE,時間ごとログアーカイブ,4,0,Failed,Timeout error
2025-05-20,12:11:35,12:13:35,HOURLY_LOG_ARCHIVE,時間ごとログアーカイブ,2,360,Success,
2025-05-20,13:13:43,13:16:43,HOURLY_LOG_ARCHIVE,時間ごとログアーカイブ,3,472,Success,
2025-05-20,14:01:20,14:05:20,HOURLY_LOG_ARCHIVE,時間ごとログアーカイブ,4,452,Success,
2025-05-20,15:44:24,15:46:24,HOURLY_LOG_ARCHIVE,時間ごとログアーカイブ,2,252,Success,
2025-05-20,16:13:01,16:17:01,HOURLY_LOG_ARCHIVE,時間ごとログアーカイブ,4,286,Success,
2025-05-20,17:30:31,17:35:31,HOURLY_LOG_ARCHIVE,時間ごとログアーカイブ,5,376,Success,
2025-05-20,18:24:07,18:26:07,HOURLY_LOG_ARCHIVE,時間ごとログアーカイブ,2,387,Success,
2025-05-20,19:58:11,20:02:11,HOURLY_LOG_ARCHIVE,時間ごとログアーカイブ,4,249,Success,
2025-05-20,20:47:13,20:51:13,HOURLY_LOG_ARCHIVE,時間ごとログアーカイブ,4,235,Success,
2025-05-20,21:40:36,21:45:36,HOURLY_LOG_ARCHIVE,時間ごとログアーカイブ,5,144,Success,
2025-05-20,22:18:47,22:21:47,HOURLY_LOG_ARCHIVE,時間ごとログアーカイブ,3,350,Success,
2025-05-20,23:32:02,23:37:02,HOURLY_LOG_ARCHIVE,時間ごとログアーカイブ,5,120,Success,
2025-05-21,00:29:27,00:44:27,DAILY_SALES_SUMMARY,日次売上集計,15,48304,Success,
2025-05-21,01:00:20,01:34:20,DAILY_INVENTORY_UPDATE,日次在庫更新,34,19888,Success,
2025-05-21,02:02:41,02:20:41,DAILY_CUSTOMER_SYNC,日次顧客情報同期,18,26695,Success,
2025-05-21,03:00:06,04:00:06,DAILY_REPORT_GEN,日次レポート生成,60,0,Failed,Data validation error
2025-05-21,00:19:56,00:21:56,HOURLY_LOG_ARCHIVE,時間ごとログアーカイブ,2,284,Success,
2025-05-21,01:30:11,01:35:11,HOURLY_LOG_ARCHIVE,時間ごとログアーカイブ,5,131,Success,
2025-05-21,02:16:50,02:18:50,HOURLY_LOG_ARCHIVE,時間ごとログアーカイブ,2,284,Success,
2025-05-21,03:49:35,03:51:35,HOURLY_LOG_ARCHIVE,時間ごとログアーカイブ,2,211,Success,
2025-05-21,04:00:42,04:05:42,HOURLY_LOG_ARCHIVE,時間ごとログアーカイブ,5,193,Success,
2025-05-21,05:21:29,05:25:29,HOURLY_LOG_ARCHIVE,時間ごとログアーカイブ,4,459,Success,
2025-05-21,06:45:08,06:49:08,HOURLY_LOG_ARCHIVE,時間ごとログアーカイブ,4,305,Success,
2025-05-21,07:41:47,07:45:47,HOURLY_LOG_ARCHIVE,時間ごとログアーカイブ,4,216,Success,
2025-05-21,08:11:53,08:14:53,HOURLY_LOG_ARCHIVE,時間ごとログアーカイブ,3,389,Success,
2025-05-21,09:02:10,09:04:10,HOURLY_LOG_ARCHIVE,時間ごとログアーカイブ,2,364,Success,
2025-05-21,10:56:12,10:58:12,HOURLY_LOG_ARCHIVE,時間ごとログアーカイブ,2,158,Success,
2025-05-21,11:12:43,11:14:43,HOURLY_LOG_ARCHIVE,時間ごとログアーカイブ,2,282,Success,
2025-05-21,12:06:23,12:11:23,HOURLY_LOG_ARCHIVE,時間ごとログアーカイブ,5,117,Success,
2025-05-21,13:26:36,13:29:36,HOURLY_LOG_ARCHIVE,時間ごとログアーカイブ,3,188,Success,
2025-05-21,14:15:50,14:17:50,HOURLY_LOG_ARCHIVE,時間ごとログアーカイブ,2,469,Success,
2025-05-21,15:50:18,15:54:18,HOURLY_LOG_ARCHIVE,時間ごとログアーカイブ,4,320,Success,
2025-05-21,16:17:12,16:19:12,HOURLY_LOG_ARCHIVE,時間ごとログアーカイブ,2,385,Success,
2025-05-21,17:48:09,17:52:09,HOURLY_LOG_ARCHIVE,時間ごとログアーカイブ,4,372,Success,
2025-05-21,18:39:50,18:41:50,HOURLY_LOG_ARCHIVE,時間ごとログアーカイブ,2,154,Success,
2025-05-21,19:43:07,19:47:07,HOURLY_LOG_ARCHIVE,時間ごとログアーカイブ,4,175,Success,
2025-05-21,20:10:37,20:14:37,HOURLY_LOG_ARCHIVE,時間ごとログアーカイブ,4,385,Success,
2025-05-21,21:42:57,21:45:57,HOURLY_LOG_ARCHIVE,時間ごとログアーカイブ,3,318,Success,
2025-05-21,22:43:09,22:46:09,HOURLY_LOG_ARCHIVE,時間ごとログアーカイブ,3,310,Success,
2025-05-21,23:16:48,23:19:48,HOURLY_LOG_ARCHIVE,時間ごとログアーカイブ,3,283,Success,
2025-05-22,00:28:16,00:56:16,DAILY_SALES_SUMMARY,日次売上集計,28,42572,Success,
2025-05-22,01:01:56,01:21:56,DAILY_INVENTORY_UPDATE,日次在庫更新,20,8475,Success,
2025-05-22,02:00:15,02:21:15,DAILY_CUSTOMER_SYNC,日次顧客情報同期,21,18477,Success,
2025-05-22,03:00:49,03:50:49,DAILY_REPORT_GEN,日次レポート生成,50,21158,Success,
2025-05-22,00:20:47,00:25:47,HOURLY_LOG_ARCHIVE,時間ごとログアーカイブ,5,498,Success,
2025-05-22,01:41:21,01:45:21,HOURLY_LOG_ARCHIVE,時間ごとログアーカイブ,4,275,Success,
2025-05-22,02:14:26,02:18:26,HOURLY_LOG_ARCHIVE,時間ごとログアーカイブ,4,344,Success,
2025-05-22,03:05:23,03:07:23,HOURLY_LOG_ARCHIVE,時間ごとログアーカイブ,2,259,Success,
2025-05-22,04:33:10,04:38:10,HOURLY_LOG_ARCHIVE,時間ごとログアーカイブ,5,258,Success,
2025-05-22,05:03:36,05:07:36,HOURLY_LOG_ARCHIVE,時間ごとログアーカイブ,4,286,Success,
2025-05-22,06:21:25,06:24:25,HOURLY_LOG_ARCHIVE,時間ごとログアーカイブ,3,345,Success,
2025-05-22,07:31:59,07:33:59,HOURLY_LOG_ARCHIVE,時間ごとログアーカイブ,2,427,Success,
2025-05-22,08:03:11,08:08:11,HOURLY_LOG_ARCHIVE,時間ごとログアーカイブ,5,313,Success,
2025-05-22,09:35:03,09:37:03,HOURLY_LOG_ARCHIVE,時間ごとログアーカイブ,2,128,Success,
2025-05-22,10:52:10,10:54:10,HOURLY_LOG_ARCHIVE,時間ごとログアーカイブ,2,237,Success,
2025-05-22,11:37:39,11:41:39,HOURLY_LOG_ARCHIVE,時間ごとログアーカイブ,4,499,Success,
2025-05-22,12:42:00,12:44:00,HOURLY_LOG_ARCHIVE,時間ごとログアーカイブ,2,451,Success,
2025-05-22,13:22:51,13:27:51,HOURLY_LOG_ARCHIVE,時間ごとログアーカイブ,5,151,Success,
2025-05-22,14:12:17,14:14:17,HOURLY_LOG_ARCHIVE,時間ごとログアーカイブ,2,426,Success,
2025-05-22,15:09:20,15:13:20,HOURLY_LOG_ARCHIVE,時間ごとログアーカイブ,4,266,Success,
2025-05-22,16:28:23,16:32:23,HOURLY_LOG_ARCHIVE,時間ごとログアーカイブ,4,342,Success,
2025-05-22,17:57:15,17:59:15,HOURLY_LOG_ARCHIVE,時間ごとログアーカイブ,2,452,Success,
2025-05-22,18:09:06,18:11:06,HOURLY_LOG_ARCHIVE,時間ごとログアーカイブ,2,368,Success,
2025-05-22,19:38:33,19:40:33,HOURLY_LOG_ARCHIVE,時間ごとログアーカイブ,2,153,Success,
2025-05-22,20:25:03,20:30:03,HOURLY_LOG_ARCHIVE,時間ごとログアーカイブ,5,360,Success,
2025-05-22,21:45:39,21:47:39,HOURLY_LOG_ARCHIVE,時間ごとログアーカイブ,2,427,Success,
2025-05-22,22:00:07,22:02:07,HOURLY_LOG_ARCHIVE,時間ごとログアーカイブ,2,304,Success,
2025-05-22,23:17:53,23:19:53,HOURLY_LOG_ARCHIVE,時間ごとログアーカイブ,2,247,Success,
2025-05-23,00:28:45,00:48:45,DAILY_SALES_SUMMARY,日次売上集計,20,9740,Success,
2025-05-23,01:02:44,01:24:44,DAILY_INVENTORY_UPDATE,日次在庫更新,22,2056,Success,
2025-05-23,02:00:35,02:18:35,DAILY_CUSTOMER_SYNC,日次顧客情報同期,18,9030,Success,
2025-05-23,03:05:07,03:48:07,DAILY_REPORT_GEN,日次レポート生成,43,46391,Success,
2025-05-23,00:03:36,00:07:36,HOURLY_LOG_ARCHIVE,時間ごとログアーカイブ,4,131,Success,
2025-05-23,01:17:17,01:21:17,HOURLY_LOG_ARCHIVE,時間ごとログアーカイブ,4,321,Success,
2025-05-23,02:49:02,02:53:02,HOURLY_LOG_ARCHIVE,時間ごとログアーカイブ,4,445,Success,
2025-05-23,03:09:47,03:14:47,HOURLY_LOG_ARCHIVE,時間ごとログアーカイブ,5,460,Success,
2025-05-23,04:23:31,04:25:31,HOURLY_LOG_ARCHIVE,時間ごとログアーカイブ,2,182,Success,
2025-05-23,05:43:33,05:47:33,HOURLY_LOG_ARCHIVE,時間ごとログアーカイブ,4,124,Success,
2025-05-23,06:28:36,06:30:36,HOURLY_LOG_ARCHIVE,時間ごとログアーカイブ,2,130,Success,
2025-05-23,07:03:49,07:06:49,HOURLY_LOG_ARCHIVE,時間ごとログアーカイブ,3,180,Success,
2025-05-23,08:29:39,08:33:39,HOURLY_LOG_ARCHIVE,時間ごとログアーカイブ,4,409,Success,
2025-05-23,09:11:32,09:16:32,HOURLY_LOG_ARCHIVE,時間ごとログアーカイブ,5,177,Success,
2025-05-23,10:40:56,10:45:56,HOURLY_LOG_ARCHIVE,時間ごとログアーカイブ,5,315,Success,
2025-05-23,11:05:24,11:07:24,HOURLY_LOG_ARCHIVE,時間ごとログアーカイブ,2,474,Success,
2025-05-23,12:43:00,12:47:00,HOURLY_LOG_ARCHIVE,時間ごとログアーカイブ,4,0,Failed,Timeout error
2025-05-23,13:09:50,13:14:50,HOURLY_LOG_ARCHIVE,時間ごとログアーカイブ,5,267,Success,
2025-05-23,14:02:11,14:06:11,HOURLY_LOG_ARCHIVE,時間ごとログアーカイブ,4,374,Success,
2025-05-23,15:53:14,15:57:14,HOURLY_LOG_ARCHIVE,時間ごとログアーカイブ,4,359,Success,
2025-05-23,16:59:49,17:02:49,HOURLY_LOG_ARCHIVE,時間ごとログアーカイブ,3,494,Success,
2025-05-23,17:20:50,17:25:50,HOURLY_LOG_ARCHIVE,時間ごとログアーカイブ,5,350,Success,
2025-05-23,18:33:12,18:35:12,HOURLY_LOG_ARCHIVE,時間ごとログアーカイブ,2,369,Success,
2025-05-23,19:16:19,19:20:19,HOURLY_LOG_ARCHIVE,時間ごとログアーカイブ,4,436,Success,
2025-05-23,20:45:08,20:48:08,HOURLY_LOG_ARCHIVE,時間ごとログアーカイブ,3,333,Success,
2025-05-23,21:01:39,21:05:39,HOURLY_LOG_ARCHIVE,時間ごとログアーカイブ,4,499,Success,
2025-05-23,22:15:48,22:17:48,HOURLY_LOG_ARCHIVE,時間ごとログアーカイブ,2,450,Success,
2025-05-23,23:00:10,23:03:10,HOURLY_LOG_ARCHIVE,時間ごとログアーカイブ,3,188,Success,
2025-05-24,00:28:34,00:55:34,DAILY_SALES_SUMMARY,日次売上集計,27,33959,Success,
2025-05-24,01:03:48,01:27:48,DAILY_INVENTORY_UPDATE,日次在庫更新,24,32863,Success,
2025-05-24,02:03:24,02:28:24,DAILY_CUSTOMER_SYNC,日次顧客情報同期,25,0,Failed,Timeout error
2025-05-24,03:01:28,03:48:28,DAILY_REPORT_GEN,日次レポート生成,47,32458,Success,
2025-05-24,00:12:23,00:16:23,HOURLY_LOG_ARCHIVE,時間ごとログアーカイブ,4,276,Success,
2025-05-24,01:06:17,01:11:17,HOURLY_LOG_ARCHIVE,時間ごとログアーカイブ,5,439,Success,
2025-05-24,02:03:57,02:08:57,HOURLY_LOG_ARCHIVE,時間ごとログアーカイブ,5,142,Success,
2025-05-24,03:05:05,03:08:05,HOURLY_LOG_ARCHIVE,時間ごとログアーカイブ,3,316,Success,
2025-05-24,04:10:00,04:14:00,HOURLY_LOG_ARCHIVE,時間ごとログアーカイブ,4,275,Success,
2025-05-24,05:01:20,05:04:20,HOURLY_LOG_ARCHIVE,時間ごとログアーカイブ,3,476,Success,
2025-05-24,06:35:16,06:40:16,HOURLY_LOG_ARCHIVE,時間ごとログアーカイブ,5,496,Success,
2025-05-24,07:24:42,07:27:42,HOURLY_LOG_ARCHIVE,時間ごとログアーカイブ,3,490,Success,
2025-05-24,08:14:44,08:19:44,HOURLY_LOG_ARCHIVE,時間ごとログアーカイブ,5,210,Success,
2025-05-24,09:37:25,09:39:25,HOURLY_LOG_ARCHIVE,時間ごとログアーカイブ,2,118,Success,
2025-05-24,10:18:25,10:23:25,HOURLY_LOG_ARCHIVE,時間ごとログアーカイブ,5,497,Success,
2025-05-24,11:04:29,11:07:29,HOURLY_LOG_ARCHIVE,時間ごとログアーカイブ,3,469,Success,
2025-05-24,12:25:12,12:27:12,HOURLY_LOG_ARCHIVE,時間ごとログアーカイブ,2,275,Success,
2025-05-24,13:28:22,13:31:22,HOURLY_LOG_ARCHIVE,時間ごとログアーカイブ,3,500,Success,
2025-05-24,14:00:27,14:05:27,HOURLY_LOG_ARCHIVE,時間ごとログアーカイブ,5,390,Success,
2025-05-24,15:25:15,15:30:15,HOURLY_LOG_ARCHIVE,時間ごとログアーカイブ,5,209,Success,
2025-05-24,16:56:58,17:00:58,HOURLY_LOG_ARCHIVE,時間ごとログアーカイブ,4,145,Success,
2025-05-24,17:58:47,18:03:47,HOURLY_LOG_ARCHIVE,時間ごとログアーカイブ,5,482,Success,
2025-05-24,18:10:00,18:12:00,HOURLY_LOG_ARCHIVE,時間ごとログアーカイブ,2,275,Success,
2025-05-24,19:01:42,19:06:42,HOURLY_LOG_ARCHIVE,時間ごとログアーカイブ,5,338,Success,
2025-05-24,20:25:47,20:28:47,HOURLY_LOG_ARCHIVE,時間ごとログアーカイブ,3,130,Success,
2025-05-24,21:25:10,21:30:10,HOURLY_LOG_ARCHIVE,時間ごとログアーカイブ,5,301,Success,
2025-05-24,22:35:35,22:38:35,HOURLY_LOG_ARCHIVE,時間ごとログアーカイブ,3,419,Success,
2025-05-24,23:30:49,23:34:49,HOURLY_LOG_ARCHIVE,時間ごとログアーカイブ,4,351,Success,
2025-05-25,00:33:08,01:03:08,DAILY_SALES_SUMMARY,日次売上集計,30,23810,Success,
2025-05-25,01:00:10,01:33:10,DAILY_INVENTORY_UPDATE,日次在庫更新,33,47489,Success,
2025-05-25,02:01:22,02:13:22,DAILY_CUSTOMER_SYNC,日次顧客情報同期,12,23908,Success,
2025-05-25,03:00:14,03:36:14,DAILY_REPORT_GEN,日次レポート生成,36,49900,Success,
2025-05-25,00:51:24,00:53:24,HOURLY_LOG_ARCHIVE,時間ごとログアーカイブ,2,0,Failed,Timeout error
2025-05-25,01:53:58,01:55:58,HOURLY_LOG_ARCHIVE,時間ごとログアーカイブ,2,441,Success,
2025-05-25,02:43:24,02:47:24,HOURLY_LOG_ARCHIVE,時間ごとログアーカイブ,4,207,Success,
2025-05-25,03:13:09,03:15:09,HOURLY_LOG_ARCHIVE,時間ごとログアーカイブ,2,354,Success,
2025-05-25,04:15:06,04:17:06,HOURLY_LOG_ARCHIVE,時間ごとログアーカイブ,2,436,Success,
2025-05-25,05:09:31,05:11:31,HOURLY_LOG_ARCHIVE,時間ごとログアーカイブ,2,349,Success,
2025-05-25,06:00:38,06:03:38,HOURLY_LOG_ARCHIVE,時間ごとログアーカイブ,3,405,Success,
2025-05-25,07:40:57,07:43:57,HOURLY_LOG_ARCHIVE,時間ごとログアーカイブ,3,174,Success,
2025-05-25,08:40:45,08:44:45,HOURLY_LOG_ARCHIVE,時間ごとログアーカイブ,4,483,Success,
2025-05-25,09:22:30,09:24:30,HOURLY_LOG_ARCHIVE,時間ごとログアーカイブ,2,275,Success,
2025-05-25,10:32:32,10:35:32,HOURLY_LOG_ARCHIVE,時間ごとログアーカイブ,3,113,Success,
2025-05-25,11:42:29,11:45:29,HOURLY_LOG_ARCHIVE,時間ごとログアーカイブ,3,118,Success,
2025-05-25,12:52:54,12:54:54,HOURLY_LOG_ARCHIVE,時間ごとログアーカイブ,2,397,Success,
2025-05-25,13:12:48,13:16:48,HOURLY_LOG_ARCHIVE,時間ごとログアーカイブ,4,117,Success,
2025-05-25,14:45:24,14:49:24,HOURLY_LOG_ARCHIVE,時間ごとログアーカイブ,4,312,Success,
2025-05-25,15:50:58,15:52:58,HOURLY_LOG_ARCHIVE,時間ごとログアーカイブ,2,0,Failed,Timeout error
2025-05-25,16:12:49,16:14:49,HOURLY_LOG_ARCHIVE,時間ごとログアーカイブ,2,178,Success,
2025-05-25,17:24:04,17:27:04,HOURLY_LOG_ARCHIVE,時間ごとログアーカイブ,3,273,Success,
2025-05-25,18:06:22,18:10:22,HOURLY_LOG_ARCHIVE,時間ごとログアーカイブ,4,373,Success,
2025-05-25,19:27:39,19:30:39,HOURLY_LOG_ARCHIVE,時間ごとログアーカイブ,3,229,Success,
2025-05-25,20:18:24,20:21:24,HOURLY_LOG_ARCHIVE,時間ごとログアーカイブ,3,386,Success,
2025-05-25,21:36:05,21:41:05,HOURLY_LOG_ARCHIVE,時間ごとログアーカイブ,5,149,Success,
2025-05-25,22:55:29,22:59:29,HOURLY_LOG_ARCHIVE,時間ごとログアーカイブ,4,133,Success,
2025-05-25,23:42:01,23:46:01,HOURLY_LOG_ARCHIVE,時間ごとログアーカイブ,4,476,Success,
2025-05-26,00:31:29,00:54:29,DAILY_SALES_SUMMARY,日次売上集計,23,30616,Success,
2025-05-26,01:00:24,01:27:24,DAILY_INVENTORY_UPDATE,日次在庫更新,27,32424,Success,
2025-05-26,02:00:52,02:19:52,DAILY_CUSTOMER_SYNC,日次顧客情報同期,19,29925,Success,
2025-05-26,03:04:37,04:01:37,DAILY_REPORT_GEN,日次レポート生成,57,31182,Success,
2025-05-26,04:00:15,05:26:15,WEEKLY_BACKUP_VERIFY,週次バックアップ検証,86,47462,Success,
2025-05-26,00:42:47,00:45:47,HOURLY_LOG_ARCHIVE,時間ごとログアーカイブ,3,225,Success,
2025-05-26,01:03:29,01:07:29,HOURLY_LOG_ARCHIVE,時間ごとログアーカイブ,4,448,Success,
2025-05-26,02:00:57,02:02:57,HOURLY_LOG_ARCHIVE,時間ごとログアーカイブ,2,326,Success,
2025-05-26,03:43:33,03:48:33,HOURLY_LOG_ARCHIVE,時間ごとログアーカイブ,5,0,Failed,Timeout error
2025-05-26,04:01:57,04:03:57,HOURLY_LOG_ARCHIVE,時間ごとログアーカイブ,2,477,Success,
2025-05-26,05:43:18,05:47:18,HOURLY_LOG_ARCHIVE,時間ごとログアーカイブ,4,293,Success,
2025-05-26,06:52:00,06:55:00,HOURLY_LOG_ARCHIVE,時間ごとログアーカイブ,3,352,Success,
2025-05-26,07:09:55,07:12:55,HOURLY_LOG_ARCHIVE,時間ごとログアーカイブ,3,228,Success,
2025-05-26,08:28:26,08:30:26,HOURLY_LOG_ARCHIVE,時間ごとログアーカイブ,2,195,Success,
2025-05-26,09:12:35,09:17:35,HOURLY_LOG_ARCHIVE,時間ごとログアーカイブ,5,139,Success,
2025-05-26,10:43:37,10:47:37,HOURLY_LOG_ARCHIVE,時間ごとログアーカイブ,4,154,Success,
2025-05-26,11:36:33,11:39:33,HOURLY_LOG_ARCHIVE,時間ごとログアーカイブ,3,217,Success,
2025-05-26,12:16:21,12:20:21,HOURLY_LOG_ARCHIVE,時間ごとログアーカイブ,4,391,Success,
2025-05-26,13:40:13,13:43:13,HOURLY_LOG_ARCHIVE,時間ごとログアーカイブ,3,211,Success,
2025-05-26,14:13:11,14:16:11,HOURLY_LOG_ARCHIVE,時間ごとログアーカイブ,3,138,Success,
2025-05-26,15:30:04,15:33:04,HOURLY_LOG_ARCHIVE,時間ごとログアーカイブ,3,425,Success,
2025-05-26,16:35:25,16:37:25,HOURLY_LOG_ARCHIVE,時間ごとログアーカイブ,2,480,Success,
2025-05-26,17:20:27,17:22:27,HOURLY_LOG_ARCHIVE,時間ごとログアーカイブ,2,229,Success,
2025-05-26,18:38:32,18:41:32,HOURLY_LOG_ARCHIVE,時間ごとログアーカイブ,3,345,Success,
2025-05-26,19:10:10,19:12:10,HOURLY_LOG_ARCHIVE,時間ごとログアーカイブ,2,409,Success,
2025-05-26,20:15:30,20:19:30,HOURLY_LOG_ARCHIVE,時間ごとログアーカイブ,4,434,Success,
2025-05-26,21:29:45,21:33:45,HOURLY_LOG_ARCHIVE,時間ごとログアーカイブ,4,222,Success,
2025-05-26,22:59:44,23:02:44,HOURLY_LOG_ARCHIVE,時間ごとログアーカイブ,3,229,Success,
2025-05-26,23:06:08,23:09:08,HOURLY_LOG_ARCHIVE,時間ごとログアーカイブ,3,126,Success,
2025-05-27,00:32:24,01:00:24,DAILY_SALES_SUMMARY,日次売上集計,28,40375,Success,
2025-05-27,01:00:08,01:25:08,DAILY_INVENTORY_UPDATE,日次在庫更新,25,33737,Success,
2025-05-27,02:01:50,02:11:50,DAILY_CUSTOMER_SYNC,日次顧客情報同期,10,33691,Success,
2025-05-27,03:00:32,03:46:32,DAILY_REPORT_GEN,日次レポート生成,46,46859,Success,
2025-05-27,00:46:42,00:48:42,HOURLY_LOG_ARCHIVE,時間ごとログアーカイブ,2,132,Success,
2025-05-27,01:49:08,01:52:08,HOURLY_LOG_ARCHIVE,時間ごとログアーカイブ,3,267,Success,
2025-05-27,02:25:41,02:29:41,HOURLY_LOG_ARCHIVE,時間ごとログアーカイブ,4,236,Success,
2025-05-27,03:15:10,03:17:10,HOURLY_LOG_ARCHIVE,時間ごとログアーカイブ,2,365,Success,
2025-05-27,04:05:34,04:09:34,HOURLY_LOG_ARCHIVE,時間ごとログアーカイブ,4,295,Success,
2025-05-27,05:23:32,05:27:32,HOURLY_LOG_ARCHIVE,時間ごとログアーカイブ,4,365,Success,
2025-05-27,06:07:34,06:09:34,HOURLY_LOG_ARCHIVE,時間ごとログアーカイブ,2,213,Success,
2025-05-27,07:00:29,07:05:29,HOURLY_LOG_ARCHIVE,時間ごとログアーカイブ,5,193,Success,
2025-05-27,08:40:12,08:44:12,HOURLY_LOG_ARCHIVE,時間ごとログアーカイブ,4,216,Success,
2025-05-27,09:34:32,09:38:32,HOURLY_LOG_ARCHIVE,時間ごとログアーカイブ,4,192,Success,
2025-05-27,10:31:06,10:35:06,HOURLY_LOG_ARCHIVE,時間ごとログアーカイブ,4,377,Success,
2025-05-27,11:07:54,11:11:54,HOURLY_LOG_ARCHIVE,時間ごとログアーカイブ,4,378,Success,
2025-05-27,12:28:07,12:32:07,HOURLY_LOG_ARCHIVE,時間ごとログアーカイブ,4,0,Failed,Timeout error
2025-05-27,13:59:42,14:01:42,HOURLY_LOG_ARCHIVE,時間ごとログアーカイブ,2,244,Success,
2025-05-27,14:34:17,14:38:17,HOURLY_LOG_ARCHIVE,時間ごとログアーカイブ,4,173,Success,
2025-05-27,15:12:52,15:15:52,HOURLY_LOG_ARCHIVE,時間ごとログアーカイブ,3,354,Success,
2025-05-27,16:16:27,16:21:27,HOURLY_LOG_ARCHIVE,時間ごとログアーカイブ,5,0,Failed,Timeout error
2025-05-27,17:34:07,17:37:07,HOURLY_LOG_ARCHIVE,時間ごとログアーカイブ,3,213,Success,
2025-05-27,18:24:54,18:26:54,HOURLY_LOG_ARCHIVE,時間ごとログアーカイブ,2,403,Success,
2025-05-27,19:11:56,19:14:56,HOURLY_LOG_ARCHIVE,時間ごとログアーカイブ,3,183,Success,
2025-05-27,20:05:45,20:10:45,HOURLY_LOG_ARCHIVE,時間ごとログアーカイブ,5,339,Success,
2025-05-27,21:36:56,21:38:56,HOURLY_LOG_ARCHIVE,時間ごとログアーカイブ,2,472,Success,
2025-05-27,22:19:52,22:21:52,HOURLY_LOG_ARCHIVE,時間ごとログアーカイブ,2,193,Success,
2025-05-27,23:06:38,23:08:38,HOURLY_LOG_ARCHIVE,時間ごとログアーカイブ,2,493,Success,
2025-05-28,00:35:52,01:03:52,DAILY_SALES_SUMMARY,日次売上集計,28,18398,Success,
2025-05-28,01:00:36,01:36:36,DAILY_INVENTORY_UPDATE,日次在庫更新,36,9264,Success,
2025-05-28,02:01:53,02:20:53,DAILY_CUSTOMER_SYNC,日次顧客情報同期,19,27046,Success,
2025-05-28,03:00:02,03:55:02,DAILY_REPORT_GEN,日次レポート生成,55,14173,Success,
2025-05-28,00:04:42,00:06:42,HOURLY_LOG_ARCHIVE,時間ごとログアーカイブ,2,296,Success,
2025-05-28,01:54:59,01:59:59,HOURLY_LOG_ARCHIVE,時間ごとログアーカイブ,5,347,Success,
2025-05-28,02:04:10,02:06:10,HOURLY_LOG_ARCHIVE,時間ごとログアーカイブ,2,361,Success,
2025-05-28,03:31:40,03:36:40,HOURLY_LOG_ARCHIVE,時間ごとログアーカイブ,5,140,Success,
2025-05-28,04:21:06,04:25:06,HOURLY_LOG_ARCHIVE,時間ごとログアーカイブ,4,443,Success,
2025-05-28,05:18:11,05:23:11,HOURLY_LOG_ARCHIVE,時間ごとログアーカイブ,5,426,Success,
2025-05-28,06:31:00,06:36:00,HOURLY_LOG_ARCHIVE,時間ごとログアーカイブ,5,478,Success,
2025-05-28,07:06:44,07:08:44,HOURLY_LOG_ARCHIVE,時間ごとログアーカイブ,2,412,Success,
2025-05-28,08:11:07,08:15:07,HOURLY_LOG_ARCHIVE,時間ごとログアーカイブ,4,471,Success,
2025-05-28,09:43:35,09:46:35,HOURLY_LOG_ARCHIVE,時間ごとログアーカイブ,3,112,Success,
2025-05-28,10:57:31,10:59:31,HOURLY_LOG_ARCHIVE,時間ごとログアーカイブ,2,276,Success,
2025-05-28,11:07:48,11:09:48,HOURLY_LOG_ARCHIVE,時間ごとログアーカイブ,2,210,Success,
2025-05-28,12:21:58,12:25:58,HOURLY_LOG_ARCHIVE,時間ごとログアーカイブ,4,359,Success,
2025-05-28,13:03:01,13:06:01,HOURLY_LOG_ARCHIVE,時間ごとログアーカイブ,3,352,Success,
2025-05-28,14:31:42,14:36:42,HOURLY_LOG_ARCHIVE,時間ごとログアーカイブ,5,221,Success,
2025-05-28,15:12:56,15:16:56,HOURLY_LOG_ARCHIVE,時間ごとログアーカイブ,4,144,Success,
2025-05-28,16:53:15,16:58:15,HOURLY_LOG_ARCHIVE,時間ごとログアーカイブ,5,161,Success,
2025-05-28,17:47:00,17:50:00,HOURLY_LOG_ARCHIVE,時間ごとログアーカイブ,3,271,Success,
2025-05-28,18:02:42,18:07:42,HOURLY_LOG_ARCHIVE,時間ごとログアーカイブ,5,447,Success,
2025-05-28,19:09:48,19:13:48,HOURLY_LOG_ARCHIVE,時間ごとログアーカイブ,4,345,Success,
2025-05-28,20:51:05,20:56:05,HOURLY_LOG_ARCHIVE,時間ごとログアーカイブ,5,272,Success,
2025-05-28,21:45:54,21:50:54,HOURLY_LOG_ARCHIVE,時間ごとログアーカイブ,5,212,Success,
2025-05-28,22:34:44,22:37:44,HOURLY_LOG_ARCHIVE,時間ごとログアーカイブ,3,116,Success,
2025-05-28,23:23:57,23:26:57,HOURLY_LOG_ARCHIVE,時間ごとログアーカイブ,3,232,Success,
2025-05-29,00:33:18,00:53:18,DAILY_SALES_SUMMARY,日次売上集計,20,16213,Success,
2025-05-29,01:00:10,01:39:10,DAILY_INVENTORY_UPDATE,日次在庫更新,39,5490,Success,
2025-05-29,02:00:01,02:19:01,DAILY_CUSTOMER_SYNC,日次顧客情報同期,19,29767,Success,
2025-05-29,03:00:26,03:45:26,DAILY_REPORT_GEN,日次レポート生成,45,32170,Success,
2025-05-29,00:50:23,00:54:23,HOURLY_LOG_ARCHIVE,時間ごとログアーカイブ,4,297,Success,
2025-05-29,01:37:25,01:42:25,HOURLY_LOG_ARCHIVE,時間ごとログアーカイブ,5,121,Success,
2025-05-29,02:00:19,02:03:19,HOURLY_LOG_ARCHIVE,時間ごとログアーカイブ,3,413,Success,
2025-05-29,03:58:28,04:02:28,HOURLY_LOG_ARCHIVE,時間ごとログアーカイブ,4,466,Success,
2025-05-29,04:34:14,04:39:14,HOURLY_LOG_ARCHIVE,時間ごとログアーカイブ,5,339,Success,
2025-05-29,05:05:36,05:07:36,HOURLY_LOG_ARCHIVE,時間ごとログアーカイブ,2,334,Success,
2025-05-29,06:49:56,06:52:56,HOURLY_LOG_ARCHIVE,時間ごとログアーカイブ,3,186,Success,
2025-05-29,07:46:37,07:51:37,HOURLY_LOG_ARCHIVE,時間ごとログアーカイブ,5,208,Success,
2025-05-29,08:42:11,08:46:11,HOURLY_LOG_ARCHIVE,時間ごとログアーカイブ,4,278,Success,
2025-05-29,09:07:55,09:12:55,HOURLY_LOG_ARCHIVE,時間ごとログアーカイブ,5,401,Success,
2025-05-29,10:21:50,10:23:50,HOURLY_LOG_ARCHIVE,時間ごとログアーカイブ,2,495,Success,
2025-05-29,11:45:00,11:48:00,HOURLY_LOG_ARCHIVE,時間ごとログアーカイブ,3,144,Success,
2025-05-29,12:11:40,12:14:40,HOURLY_LOG_ARCHIVE,時間ごとログアーカイブ,3,266,Success,
2025-05-29,13:41:44,13:46:44,HOURLY_LOG_ARCHIVE,時間ごとログアーカイブ,5,245,Success,
2025-05-29,14:17:38,14:19:38,HOURLY_LOG_ARCHIVE,時間ごとログアーカイブ,2,190,Success,
2025-05-29,15:54:22,15:56:22,HOURLY_LOG_ARCHIVE,時間ごとログアーカイブ,2,396,Success,
2025-05-29,16:14:45,16:19:45,HOURLY_LOG_ARCHIVE,時間ごとログアーカイブ,5,471,Success,
2025-05-29,17:36:38,17:38:38,HOURLY_LOG_ARCHIVE,時間ごとログアーカイブ,2,125,Success,
2025-05-29,18:12:04,18:15:04,HOURLY_LOG_ARCHIVE,時間ごとログアーカイブ,3,233,Success,
2025-05-29,19:20:50,19:22:50,HOURLY_LOG_ARCHIVE,時間ごとログアーカイブ,2,443,Success,
2025-05-29,20:14:52,20:16:52,HOURLY_LOG_ARCHIVE,時間ごとログアーカイブ,2,375,Success,
2025-05-29,21:20:02,21:25:02,HOURLY_LOG_ARCHIVE,時間ごとログアーカイブ,5,398,Success,
2025-05-29,22:11:14,22:16:14,HOURLY_LOG_ARCHIVE,時間ごとログアーカイブ,5,318,Success,
2025-05-29,23:59:42,00:01:42,HOURLY_LOG_ARCHIVE,時間ごとログアーカイブ,2,375,Success,
2025-05-30,00:28:15,00:46:15,DAILY_SALES_SUMMARY,日次売上集計,18,20865,Success,
2025-05-30,01:00:09,01:20:09,DAILY_INVENTORY_UPDATE,日次在庫更新,20,24423,Success,
2025-05-30,02:00:20,02:10:20,DAILY_CUSTOMER_SYNC,日次顧客情報同期,10,26496,Success,
2025-05-30,03:03:11,03:44:11,DAILY_REPORT_GEN,日次レポート生成,41,19505,Success,
2025-05-30,00:01:51,00:05:51,HOURLY_LOG_ARCHIVE,時間ごとログアーカイブ,4,460,Success,
2025-05-30,01:00:20,01:03:20,HOURLY_LOG_ARCHIVE,時間ごとログアーカイブ,3,366,Success,
2025-05-30,02:55:00,02:58:00,HOURLY_LOG_ARCHIVE,時間ごとログアーカイブ,3,234,Success,
2025-05-30,03:47:58,03:49:58,HOURLY_LOG_ARCHIVE,時間ごとログアーカイブ,2,449,Success,
2025-05-30,04:25:28,04:27:28,HOURLY_LOG_ARCHIVE,時間ごとログアーカイブ,2,447,Success,
2025-05-30,05:10:30,05:15:30,HOURLY_LOG_ARCHIVE,時間ごとログアーカイブ,5,477,Success,
2025-05-30,06:04:57,06:09:57,HOURLY_LOG_ARCHIVE,時間ごとログアーカイブ,5,116,Success,
2025-05-30,07:21:01,07:25:01,HOURLY_LOG_ARCHIVE,時間ごとログアーカイブ,4,412,Success,
2025-05-30,08:14:11,08:16:11,HOURLY_LOG_ARCHIVE,時間ごとログアーカイブ,2,498,Success,
2025-05-30,09:17:02,09:20:02,HOURLY_LOG_ARCHIVE,時間ごとログアーカイブ,3,498,Success,
2025-05-30,10:14:17,10:17:17,HOURLY_LOG_ARCHIVE,時間ごとログアーカイブ,3,204,Success,
2025-05-30,11:58:48,12:01:48,HOURLY_LOG_ARCHIVE,時間ごとログアーカイブ,3,183,Success,
2025-05-30,12:18:51,12:23:51,HOURLY_LOG_ARCHIVE,時間ごとログアーカイブ,5,177,Success,
2025-05-30,13:45:27,13:50:27,HOURLY_LOG_ARCHIVE,時間ごとログアーカイブ,5,398,Success,
2025-05-30,14:32:02,14:37:02,HOURLY_LOG_ARCHIVE,時間ごとログアーカイブ,5,329,Success,
2025-05-30,15:40:27,15:42:27,HOURLY_LOG_ARCHIVE,時間ごとログアーカイブ,2,413,Success,
2025-05-30,16:01:48,16:04:48,HOURLY_LOG_ARCHIVE,時間ごとログアーカイブ,3,488,Success,
2025-05-30,17:10:14,17:14:14,HOURLY_LOG_ARCHIVE,時間ごとログアーカイブ,4,499,Success,
2025-05-30,18:31:49,18:36:49,HOURLY_LOG_ARCHIVE,時間ごとログアーカイブ,5,227,Success,
2025-05-30,19:49:36,19:54:36,HOURLY_LOG_ARCHIVE,時間ごとログアーカイブ,5,172,Success,
2025-05-30,20:17:09,20:20:09,HOURLY_LOG_ARCHIVE,時間ごとログアーカイブ,3,499,Success,
2025-05-30,21:46:38,21:48:38,HOURLY_LOG_ARCHIVE,時間ごとログアーカイブ,2,174,Success,
2025-05-30,22:00:34,22:04:34,HOURLY_LOG_ARCHIVE,時間ごとログアーカイブ,4,357,Success,
2025-05-30,23:09:48,23:13:48,HOURLY_LOG_ARCHIVE,時間ごとログアーカイブ,4,288,Success,
2025-05-31,00:33:35,01:01:35,DAILY_SALES_SUMMARY,日次売上集計,28,40244,Success,
2025-05-31,01:05:22,01:34:22,DAILY_INVENTORY_UPDATE,日次在庫更新,29,11727,Success,
2025-05-31,02:00:08,02:19:08,DAILY_CUSTOMER_SYNC,日次顧客情報同期,19,11717,Success,
2025-05-31,03:00:53,03:59:53,DAILY_REPORT_GEN,日次レポート生成,59,0,Failed,Database connection failed
2025-05-31,05:01:46,07:16:46,MONTHLY_CLOSING,月次締め処理,135,13696,Success,
2025-05-31,00:12:50,00:15:50,HOURLY_LOG_ARCHIVE,時間ごとログアーカイブ,3,201,Success,
2025-05-31,01:58:25,02:03:25,HOURLY_LOG_ARCHIVE,時間ごとログアーカイブ,5,481,Success,
2025-05-31,02:37:44,02:39:44,HOURLY_LOG_ARCHIVE,時間ごとログアーカイブ,2,261,Success,
2025-05-31,03:35:48,03:39:48,HOURLY_LOG_ARCHIVE,時間ごとログアーカイブ,4,324,Success,
2025-05-31,04:26:16,04:30:16,HOURLY_LOG_ARCHIVE,時間ごとログアーカイブ,4,491,Success,
2025-05-31,05:53:41,05:56:41,HOURLY_LOG_ARCHIVE,時間ごとログアーカイブ,3,141,Success,
2025-05-31,06:09:02,06:11:02,HOURLY_LOG_ARCHIVE,時間ごとログアーカイブ,2,149,Success,
2025-05-31,07:45:44,07:49:44,HOURLY_LOG_ARCHIVE,時間ごとログアーカイブ,4,159,Success,
2025-05-31,08:28:29,08:32:29,HOURLY_LOG_ARCHIVE,時間ごとログアーカイブ,4,237,Success,
2025-05-31,09:30:56,09:32:56,HOURLY_LOG_ARCHIVE,時間ごとログアーカイブ,2,146,Success,
2025-05-31,10:30:27,10:32:27,HOURLY_LOG_ARCHIVE,時間ごとログアーカイブ,2,0,Failed,Timeout error
2025-05-31,11:43:15,11:47:15,HOURLY_LOG_ARCHIVE,時間ごとログアーカイブ,4,217,Success,
2025-05-31,12:14:24,12:17:24,HOURLY_LOG_ARCHIVE,時間ごとログアーカイブ,3,139,Success,
2025-05-31,13:13:43,13:18:43,HOURLY_LOG_ARCHIVE,時間ごとログアーカイブ,5,443,Success,
2025-05-31,14:04:46,14:08:46,HOURLY_LOG_ARCHIVE,時間ごとログアーカイブ,4,217,Success,
2025-05-31,15:19:46,15:24:46,HOURLY_LOG_ARCHIVE,時間ごとログアーカイブ,5,195,Success,
2025-05-31,16:34:00,16:37:00,HOURLY_LOG_ARCHIVE,時間ごとログアーカイブ,3,453,Success,
2025-05-31,17:34:54,17:37:54,HOURLY_LOG_ARCHIVE,時間ごとログアーカイブ,3,135,Success,
2025-05-31,18:20:01,18:25:01,HOURLY_LOG_ARCHIVE,時間ごとログアーカイブ,5,137,Success,
2025-05-31,19:15:13,19:20:13,HOURLY_LOG_ARCHIVE,時間ごとログアーカイブ,5,398,Success,
2025-05-31,20:17:50,20:20:50,HOURLY_LOG_ARCHIVE,時間ごとログアーカイブ,3,157,Success,
2025-05-31,21:33:29,21:37:29,HOURLY_LOG_ARCHIVE,時間ごとログアーカイブ,4,361,Success,
2025-05-31,22:53:17,22:56:17,HOURLY_LOG_ARCHIVE,時間ごとログアーカイブ,3,225,Success,
2025-05-31,23:00:55,23:02:55,HOURLY_LOG_ARCHIVE,時間ごとログアーカイブ,2,117,Success,
