タイムスタンプ,ユーザー名,操作種別,テーブル名,影響行数,実行時間(ms),接続元IP,セッションID
2025-07-01 02:13:55,batch_user,INSERT,employees,17,4495,192.168.1.110,SID61024
2025-07-01 03:42:17,batch_user,SELECT,product_master,457,538,192.168.1.44,SID40001
2025-07-01 04:44:16,app_user,SELECT,sales_transactions,896,959,192.168.1.55,SID49540
2025-07-01 05:29:23,report_user,INSERT,sales_transactions,57,4233,192.168.10.229,SID90866
2025-07-01 07:36:30,analyst_user,INSERT,customer_master,88,4113,192.168.1.45,SID63863
2025-07-01 08:34:08,report_user,DELETE,orders,7,2813,192.168.6.6,SID17539
2025-07-01 09:00:57,analyst_user,SELECT,accounts,534,2929,192.168.6.218,SID76277
2025-07-01 09:14:43,app_user,SELECT,departments,473,629,192.168.4.168,SID86582
2025-07-01 10:16:09,analyst_user,SELECT,departments,32,1274,192.168.9.195,SID14829
2025-07-01 11:07:58,analyst_user,SELECT,customer_master,117,4191,192.168.9.202,SID82792
2025-07-01 11:28:01,admin_user,SELECT,inventory,85,98,192.168.3.42,SID48420
2025-07-01 11:37:36,batch_user,SELECT,accounts,76,918,192.168.9.25,SID89645
2025-07-01 11:37:39,batch_user,INSERT,order_details,20,3111,192.168.6.68,SID99084
2025-07-01 12:14:18,batch_user,SELECT,order_details,113,787,192.168.1.110,SID14285
2025-07-01 12:57:46,app_user,SELECT,orders,808,4767,192.168.8.29,SID23300
2025-07-01 13:31:16,report_user,SELECT,payments,381,355,192.168.3.60,SID81214
2025-07-01 14:18:01,batch_user,INSERT,customer_master,68,3066,192.168.4.220,SID74670
2025-07-01 14:47:36,report_user,SELECT,orders,328,313,192.168.3.63,SID12926
2025-07-01 15:29:21,admin_user,SELECT,customer_master,143,2606,192.168.1.209,SID46657
2025-07-01 17:23:25,admin_user,UPDATE,sales_transactions,16,968,192.168.5.226,SID20925
2025-07-01 18:50:49,analyst_user,INSERT,sales_transactions,45,729,192.168.6.186,SID10397
2025-07-01 18:51:23,analyst_user,SELECT,departments,475,633,192.168.8.107,SID41317
2025-07-01 19:41:41,admin_user,SELECT,payments,338,325,192.168.5.133,SID12442
2025-07-01 21:31:03,report_user,SELECT,accounts,6,700,192.168.1.16,SID84448
2025-07-01 22:43:33,analyst_user,SELECT,departments,876,1829,192.168.4.116,SID41235
2025-07-01 22:52:56,batch_user,SELECT,sales_transactions,507,428,192.168.2.183,SID81036
2025-07-01 23:20:37,admin_user,INSERT,inventory,59,950,192.168.8.160,SID91439
2025-07-01 23:27:53,analyst_user,SELECT,product_master,507,2624,192.168.6.29,SID38570
2025-07-01 23:34:40,app_user,SELECT,departments,499,4911,192.168.7.48,SID39953
2025-07-01 23:54:06,report_user,DELETE,inventory,7,987,192.168.8.240,SID42235
2025-07-02 02:34:19,report_user,SELECT,order_details,7,345,192.168.8.129,SID57166
2025-07-02 02:57:40,admin_user,SELECT,employees,781,1632,192.168.5.60,SID74730
2025-07-02 03:06:23,app_user,SELECT,departments,567,4381,192.168.7.164,SID28221
2025-07-02 03:24:46,app_user,SELECT,sales_transactions,722,4244,192.168.4.252,SID19222
2025-07-02 06:33:11,app_user,INSERT,departments,85,2383,192.168.4.247,SID90150
2025-07-02 07:03:09,batch_user,SELECT,employees,105,749,192.168.1.145,SID35274
2025-07-02 07:20:24,app_user,SELECT,product_master,444,2823,192.168.6.112,SID95152
2025-07-02 09:46:40,admin_user,SELECT,order_details,690,3721,192.168.6.94,SID68236
2025-07-02 10:56:01,batch_user,INSERT,order_details,35,475,192.168.3.242,SID27282
2025-07-02 11:32:42,report_user,SELECT,employees,512,614,192.168.4.166,SID28897
2025-07-02 14:07:31,app_user,UPDATE,inventory,1,749,192.168.9.103,SID23539
2025-07-02 15:21:13,report_user,SELECT,accounts,24,4338,192.168.4.51,SID70608
2025-07-02 15:22:22,admin_user,SELECT,sales_transactions,34,189,192.168.10.132,SID48895
2025-07-02 15:24:20,admin_user,UPDATE,customer_master,35,843,192.168.6.236,SID66342
2025-07-02 17:09:46,admin_user,SELECT,inventory,107,3598,192.168.2.174,SID57579
2025-07-02 17:39:07,report_user,SELECT,employees,350,1980,192.168.1.106,SID59963
2025-07-02 19:04:21,batch_user,INSERT,product_master,88,2534,192.168.2.41,SID80408
2025-07-02 19:57:51,analyst_user,SELECT,employees,611,261,192.168.2.156,SID40742
2025-07-02 20:12:03,batch_user,SELECT,accounts,436,2506,192.168.9.2,SID76306
2025-07-02 20:15:14,app_user,SELECT,inventory,253,96,192.168.4.219,SID35569
2025-07-02 21:34:07,admin_user,UPDATE,departments,40,3002,192.168.4.40,SID57987
2025-07-02 21:41:15,batch_user,UPDATE,orders,18,275,192.168.2.37,SID48477
2025-07-02 22:09:40,analyst_user,SELECT,sales_transactions,996,514,192.168.7.199,SID57936
2025-07-02 23:35:47,app_user,SELECT,departments,190,1211,192.168.3.174,SID92854
2025-07-03 00:55:23,report_user,SELECT,customer_master,18,2063,192.168.8.171,SID23625
2025-07-03 01:12:15,batch_user,SELECT,employees,87,2074,192.168.6.166,SID43388
2025-07-03 02:15:21,report_user,DELETE,product_master,8,2047,192.168.9.45,SID48972
2025-07-03 02:46:19,analyst_user,SELECT,product_master,247,435,192.168.6.91,SID16112
2025-07-03 06:12:29,report_user,SELECT,employees,135,2555,192.168.3.119,SID95017
2025-07-03 06:12:42,batch_user,SELECT,accounts,325,542,192.168.1.134,SID61236
2025-07-03 07:08:09,report_user,SELECT,orders,569,1343,192.168.7.36,SID78582
2025-07-03 07:09:20,analyst_user,SELECT,order_details,402,3837,192.168.10.173,SID15833
2025-07-03 07:35:32,batch_user,SELECT,accounts,481,1332,192.168.8.147,SID40475
2025-07-03 09:23:44,admin_user,SELECT,sales_transactions,291,4901,192.168.4.74,SID54405
2025-07-03 10:19:29,app_user,SELECT,departments,266,4242,192.168.3.225,SID15795
2025-07-03 11:18:13,analyst_user,SELECT,employees,440,3921,192.168.6.76,SID30989
2025-07-03 12:05:19,admin_user,SELECT,customer_master,77,2390,192.168.2.41,SID94929
2025-07-03 13:47:21,app_user,UPDATE,customer_master,15,2741,192.168.9.152,SID49853
2025-07-03 14:16:28,report_user,SELECT,employees,588,607,192.168.6.139,SID72013
2025-07-03 15:01:26,admin_user,SELECT,product_master,11,3744,192.168.5.73,SID51424
2025-07-03 15:33:23,admin_user,INSERT,product_master,26,281,192.168.7.175,SID94667
2025-07-03 17:14:44,batch_user,UPDATE,inventory,10,2335,192.168.6.198,SID65421
2025-07-03 19:47:57,report_user,SELECT,customer_master,947,1962,192.168.9.163,SID61929
2025-07-03 20:55:17,analyst_user,SELECT,employees,681,4160,192.168.3.138,SID29920
2025-07-03 21:26:23,report_user,SELECT,order_details,731,273,192.168.5.86,SID18318
2025-07-03 22:09:14,app_user,SELECT,sales_transactions,9,3999,192.168.1.80,SID36463
2025-07-03 23:16:16,report_user,SELECT,employees,279,3293,192.168.4.66,SID14536
2025-07-04 02:38:37,admin_user,SELECT,customer_master,989,3283,192.168.5.55,SID25943
2025-07-04 04:07:26,report_user,SELECT,inventory,502,4054,192.168.5.86,SID58532
2025-07-04 05:21:42,batch_user,INSERT,departments,60,4232,192.168.3.9,SID47235
2025-07-04 06:28:19,report_user,INSERT,employees,4,3276,192.168.6.26,SID67433
2025-07-04 07:17:27,report_user,SELECT,inventory,658,397,192.168.10.171,SID41886
2025-07-04 08:17:09,batch_user,SELECT,inventory,429,1904,192.168.3.87,SID99195
2025-07-04 13:44:45,app_user,UPDATE,customer_master,18,1085,192.168.7.36,SID81620
2025-07-04 17:16:16,report_user,DELETE,departments,6,3008,192.168.9.100,SID22199
2025-07-04 18:04:21,report_user,SELECT,customer_master,700,4431,192.168.2.71,SID29057
2025-07-04 21:52:46,admin_user,SELECT,inventory,271,1338,192.168.7.220,SID45691
2025-07-05 01:11:33,batch_user,SELECT,payments,548,3886,192.168.7.118,SID52427
2025-07-05 01:53:00,admin_user,SELECT,orders,972,1192,192.168.2.205,SID34639
2025-07-05 02:15:26,report_user,SELECT,orders,170,4582,192.168.4.168,SID21723
2025-07-05 03:55:55,batch_user,INSERT,inventory,2,992,192.168.5.244,SID86842
2025-07-05 04:20:18,batch_user,SELECT,inventory,377,3084,192.168.4.146,SID88596
2025-07-05 07:21:52,batch_user,SELECT,orders,968,4965,192.168.4.89,SID88053
2025-07-05 09:37:48,report_user,SELECT,orders,798,238,192.168.2.100,SID72729
2025-07-05 09:51:19,analyst_user,SELECT,customer_master,424,4418,192.168.1.196,SID91819
2025-07-05 10:23:19,analyst_user,INSERT,departments,62,2266,192.168.7.198,SID27255
2025-07-05 11:40:14,admin_user,SELECT,order_details,648,1198,192.168.2.155,SID11287
2025-07-05 12:57:18,analyst_user,SELECT,orders,578,4458,192.168.6.140,SID18355
2025-07-05 13:59:33,report_user,SELECT,order_details,433,2282,192.168.5.244,SID52547
2025-07-05 14:00:07,batch_user,UPDATE,customer_master,7,3960,192.168.6.221,SID38631
2025-07-05 15:54:48,app_user,SELECT,departments,845,4496,192.168.5.247,SID87097
2025-07-05 16:07:55,app_user,SELECT,inventory,896,1455,192.168.5.91,SID44558
2025-07-05 16:21:37,app_user,SELECT,order_details,392,930,192.168.6.140,SID86282
2025-07-05 18:36:49,admin_user,SELECT,order_details,972,3050,192.168.2.32,SID56961
2025-07-05 23:23:16,batch_user,SELECT,order_details,989,341,192.168.9.84,SID14304
2025-07-06 00:44:48,admin_user,SELECT,inventory,573,4216,192.168.4.243,SID20982
2025-07-06 03:31:37,batch_user,SELECT,accounts,818,4223,192.168.9.3,SID61187
2025-07-06 05:27:52,report_user,SELECT,sales_transactions,507,4213,192.168.2.184,SID46943
2025-07-06 05:51:28,batch_user,DELETE,employees,7,908,192.168.7.164,SID11166
2025-07-06 11:12:51,app_user,SELECT,inventory,20,2037,192.168.4.114,SID55021
2025-07-06 11:30:09,app_user,INSERT,orders,28,2363,192.168.10.18,SID45521
2025-07-06 12:42:18,analyst_user,UPDATE,order_details,35,3860,192.168.8.41,SID33907
2025-07-06 13:30:34,app_user,SELECT,customer_master,416,2361,192.168.5.4,SID16472
2025-07-06 15:59:11,admin_user,SELECT,payments,86,4164,192.168.2.73,SID59537
2025-07-06 16:25:11,admin_user,SELECT,departments,881,2268,192.168.3.1,SID27759
2025-07-06 18:26:52,batch_user,SELECT,orders,103,1789,192.168.8.121,SID89082
2025-07-06 19:06:52,app_user,INSERT,customer_master,59,1968,192.168.7.170,SID37158
2025-07-06 21:09:47,report_user,INSERT,order_details,83,4943,192.168.2.67,SID39064
2025-07-06 21:22:27,app_user,SELECT,inventory,338,4078,192.168.8.149,SID20504
2025-07-06 23:54:34,analyst_user,SELECT,inventory,551,4595,192.168.10.233,SID21951
2025-07-07 00:05:46,report_user,DELETE,employees,2,4078,192.168.4.17,SID46612
2025-07-07 02:46:09,analyst_user,UPDATE,inventory,44,331,192.168.7.213,SID49173
2025-07-07 04:56:31,admin_user,SELECT,customer_master,790,2991,192.168.5.124,SID34091
2025-07-07 05:42:48,app_user,SELECT,orders,718,1806,192.168.6.185,SID44833
2025-07-07 09:04:51,batch_user,SELECT,customer_master,812,1303,192.168.7.132,SID52626
2025-07-07 09:30:27,admin_user,UPDATE,inventory,48,3944,192.168.4.52,SID50178
2025-07-07 09:36:26,analyst_user,SELECT,employees,696,1100,192.168.8.14,SID23992
2025-07-07 09:58:31,admin_user,SELECT,order_details,739,346,192.168.4.180,SID82674
2025-07-07 10:28:03,report_user,UPDATE,inventory,47,1274,192.168.10.223,SID32306
2025-07-07 13:21:24,app_user,SELECT,departments,439,1922,192.168.2.219,SID68563
2025-07-07 14:30:01,analyst_user,DELETE,sales_transactions,1,1771,192.168.1.131,SID58701
2025-07-07 15:28:24,admin_user,SELECT,employees,150,3883,192.168.3.236,SID10017
2025-07-07 17:35:57,admin_user,SELECT,sales_transactions,261,3627,192.168.6.49,SID78875
2025-07-07 19:13:18,app_user,SELECT,sales_transactions,312,790,192.168.7.128,SID67111
2025-07-07 22:14:26,report_user,SELECT,payments,257,986,192.168.6.149,SID14120
2025-07-07 23:52:05,admin_user,SELECT,customer_master,855,3863,192.168.1.22,SID44809
2025-07-08 00:14:20,report_user,SELECT,customer_master,503,4784,192.168.9.253,SID55443
2025-07-08 01:20:57,batch_user,UPDATE,orders,22,3412,192.168.4.229,SID72403
2025-07-08 03:42:29,app_user,UPDATE,customer_master,25,2877,192.168.4.187,SID92647
2025-07-08 05:37:58,analyst_user,SELECT,employees,255,662,192.168.9.212,SID19526
2025-07-08 06:39:04,admin_user,SELECT,payments,216,4199,192.168.4.241,SID79267
2025-07-08 08:39:23,report_user,DELETE,departments,8,4716,192.168.7.198,SID65725
2025-07-08 08:51:48,admin_user,SELECT,product_master,617,1438,192.168.7.41,SID38798
2025-07-08 10:05:37,analyst_user,SELECT,customer_master,615,603,192.168.9.175,SID39117
2025-07-08 11:23:33,batch_user,SELECT,departments,532,2293,192.168.10.182,SID39782
2025-07-08 11:29:35,admin_user,INSERT,sales_transactions,89,908,192.168.1.93,SID95795
2025-07-08 11:29:37,app_user,SELECT,inventory,614,865,192.168.8.237,SID95466
2025-07-08 13:08:57,admin_user,SELECT,accounts,247,233,192.168.6.152,SID46893
2025-07-08 15:22:50,batch_user,SELECT,payments,753,3086,192.168.6.60,SID21681
2025-07-08 16:59:07,analyst_user,SELECT,inventory,761,2888,192.168.1.41,SID93160
2025-07-08 17:34:49,analyst_user,SELECT,employees,402,3907,192.168.5.223,SID90751
2025-07-08 17:52:51,app_user,INSERT,product_master,75,533,192.168.7.189,SID96787
2025-07-08 19:19:34,app_user,SELECT,sales_transactions,783,2640,192.168.6.225,SID84565
2025-07-08 22:04:26,admin_user,INSERT,customer_master,20,1056,192.168.10.191,SID89578
2025-07-08 22:13:41,app_user,SELECT,orders,286,301,192.168.7.63,SID38932
2025-07-08 23:31:49,analyst_user,SELECT,orders,341,2776,192.168.9.104,SID10376
2025-07-09 00:40:39,analyst_user,INSERT,accounts,92,3615,192.168.3.69,SID31216
2025-07-09 00:56:53,admin_user,SELECT,accounts,928,2315,192.168.2.208,SID69172
2025-07-09 03:33:28,app_user,SELECT,employees,202,1036,192.168.5.75,SID86964
2025-07-09 04:46:15,analyst_user,SELECT,payments,270,670,192.168.10.20,SID14179
2025-07-09 05:28:53,app_user,SELECT,payments,401,4064,192.168.2.77,SID86745
2025-07-09 06:08:23,admin_user,SELECT,accounts,707,3907,192.168.8.154,SID23507
2025-07-09 07:42:17,admin_user,SELECT,order_details,370,2261,192.168.8.250,SID23674
2025-07-09 07:49:46,batch_user,SELECT,accounts,160,1429,192.168.6.184,SID47481
2025-07-09 08:43:45,app_user,UPDATE,payments,1,3304,192.168.4.191,SID73050
2025-07-09 10:58:23,analyst_user,INSERT,departments,82,1997,192.168.10.60,SID25230
2025-07-09 12:19:04,batch_user,SELECT,customer_master,450,3908,192.168.7.116,SID94450
2025-07-09 13:54:14,batch_user,SELECT,payments,104,4995,192.168.5.100,SID34058
2025-07-09 17:21:48,app_user,SELECT,orders,978,2130,192.168.2.94,SID34749
2025-07-09 18:42:02,admin_user,SELECT,accounts,764,648,192.168.4.225,SID22738
2025-07-09 20:50:50,app_user,SELECT,orders,235,3801,192.168.7.52,SID92011
2025-07-09 22:03:43,report_user,INSERT,accounts,5,3898,192.168.7.188,SID62008
2025-07-09 23:57:55,app_user,SELECT,employees,527,167,192.168.4.217,SID58443
2025-07-10 05:59:48,batch_user,UPDATE,employees,31,1554,192.168.8.245,SID72314
2025-07-10 07:41:54,app_user,INSERT,order_details,42,1128,192.168.4.182,SID32351
2025-07-10 10:42:29,analyst_user,SELECT,departments,415,4323,192.168.1.46,SID97096
2025-07-10 10:48:31,report_user,SELECT,departments,759,4240,192.168.9.130,SID72979
2025-07-10 11:47:40,admin_user,SELECT,employees,769,2593,192.168.3.168,SID43090
2025-07-10 12:48:45,admin_user,SELECT,customer_master,74,4450,192.168.3.186,SID78744
2025-07-10 13:09:38,admin_user,DELETE,payments,2,3024,192.168.5.35,SID81642
2025-07-10 13:10:51,report_user,SELECT,order_details,916,1630,192.168.8.38,SID46294
2025-07-10 13:38:55,report_user,SELECT,departments,524,4878,192.168.3.243,SID53134
2025-07-10 14:51:35,analyst_user,SELECT,customer_master,731,1771,192.168.3.142,SID90006
2025-07-10 16:07:45,report_user,SELECT,departments,129,2846,192.168.8.89,SID82664
2025-07-10 16:58:08,analyst_user,SELECT,accounts,227,604,192.168.7.110,SID55933
2025-07-10 17:14:02,app_user,INSERT,accounts,15,2437,192.168.10.221,SID41529
2025-07-10 19:03:20,app_user,SELECT,inventory,825,1139,192.168.2.119,SID51427
2025-07-10 19:13:49,app_user,SELECT,customer_master,235,1377,192.168.9.66,SID93114
2025-07-10 19:14:31,report_user,UPDATE,departments,25,815,192.168.6.160,SID10925
2025-07-10 19:32:33,batch_user,SELECT,employees,667,4412,192.168.3.197,SID66546
2025-07-10 21:19:04,app_user,UPDATE,product_master,18,2300,192.168.5.145,SID74548
2025-07-10 22:39:00,report_user,SELECT,departments,271,830,192.168.1.81,SID66835
2025-07-10 22:51:52,analyst_user,INSERT,orders,28,3717,192.168.4.243,SID21635
2025-07-11 01:14:36,admin_user,INSERT,product_master,89,1340,192.168.2.78,SID88371
2025-07-11 01:27:12,admin_user,SELECT,payments,316,3294,192.168.10.148,SID62476
2025-07-11 03:00:20,batch_user,SELECT,inventory,561,271,192.168.7.216,SID92832
2025-07-11 03:26:38,batch_user,SELECT,accounts,69,2652,192.168.9.247,SID62732
2025-07-11 06:42:13,admin_user,UPDATE,orders,45,3622,192.168.2.71,SID92601
2025-07-11 08:17:59,batch_user,SELECT,employees,981,881,192.168.9.134,SID78518
2025-07-11 08:42:12,app_user,SELECT,customer_master,955,2952,192.168.9.15,SID30778
2025-07-11 12:26:31,report_user,SELECT,inventory,371,3281,192.168.6.231,SID66081
2025-07-11 13:58:23,analyst_user,INSERT,order_details,83,3231,192.168.3.153,SID31115
2025-07-11 17:30:40,app_user,SELECT,orders,282,690,192.168.5.101,SID78324
2025-07-11 18:54:53,app_user,INSERT,product_master,30,215,192.168.4.125,SID64732
2025-07-11 21:36:28,app_user,SELECT,accounts,678,878,192.168.6.190,SID80548
2025-07-11 21:43:48,batch_user,DELETE,order_details,2,1445,192.168.10.26,SID73039
2025-07-11 21:50:27,app_user,UPDATE,sales_transactions,34,4894,192.168.2.109,SID28206
2025-07-12 00:31:37,app_user,INSERT,product_master,84,2414,192.168.1.36,SID95417
2025-07-12 01:44:44,analyst_user,SELECT,inventory,213,312,192.168.5.7,SID35407
2025-07-12 01:55:21,admin_user,SELECT,product_master,397,3833,192.168.10.185,SID77069
2025-07-12 02:02:07,analyst_user,SELECT,product_master,540,2837,192.168.5.126,SID25044
2025-07-12 05:06:08,analyst_user,SELECT,payments,376,601,192.168.4.2,SID46557
2025-07-12 05:13:26,admin_user,SELECT,order_details,535,4479,192.168.2.175,SID81942
2025-07-12 05:35:49,app_user,DELETE,orders,3,1643,192.168.9.159,SID94853
2025-07-12 10:27:43,analyst_user,SELECT,product_master,45,1832,192.168.1.204,SID34973
2025-07-12 10:29:25,batch_user,SELECT,order_details,287,2679,192.168.10.181,SID99650
2025-07-12 12:24:32,report_user,INSERT,orders,87,2952,192.168.3.201,SID45284
2025-07-12 13:00:02,app_user,SELECT,customer_master,497,180,192.168.6.90,SID39684
2025-07-12 13:29:41,admin_user,SELECT,customer_master,460,4082,192.168.4.123,SID73061
2025-07-12 14:17:26,admin_user,SELECT,employees,726,4568,192.168.1.1,SID46122
2025-07-12 15:05:15,app_user,INSERT,orders,46,4217,192.168.7.2,SID44296
2025-07-12 15:32:39,batch_user,SELECT,payments,151,1290,192.168.5.2,SID79366
2025-07-12 16:33:11,admin_user,UPDATE,order_details,38,3707,192.168.4.194,SID14404
2025-07-12 16:45:42,admin_user,SELECT,sales_transactions,373,3409,192.168.6.171,SID44132
2025-07-12 16:58:45,report_user,SELECT,order_details,96,1466,192.168.7.69,SID62940
2025-07-12 18:24:15,analyst_user,SELECT,sales_transactions,967,1270,192.168.1.159,SID79339
2025-07-12 18:43:27,analyst_user,INSERT,accounts,63,964,192.168.2.203,SID80882
2025-07-12 19:13:45,batch_user,INSERT,payments,15,3477,192.168.10.229,SID23512
2025-07-12 19:14:25,analyst_user,SELECT,customer_master,604,3548,192.168.6.44,SID53844
2025-07-12 20:01:04,admin_user,UPDATE,sales_transactions,29,4664,192.168.2.136,SID18012
2025-07-12 21:33:17,app_user,UPDATE,customer_master,40,4989,192.168.8.122,SID29876
2025-07-12 21:36:44,analyst_user,INSERT,order_details,63,478,192.168.7.121,SID78110
2025-07-13 00:03:30,report_user,SELECT,departments,506,1090,192.168.7.49,SID42587
2025-07-13 00:28:05,report_user,INSERT,sales_transactions,89,3010,192.168.2.123,SID45988
2025-07-13 00:43:05,admin_user,SELECT,order_details,226,2926,192.168.5.130,SID19834
2025-07-13 00:51:48,report_user,SELECT,employees,34,1158,192.168.7.56,SID72173
2025-07-13 00:55:11,app_user,SELECT,inventory,828,1048,192.168.7.20,SID63026
2025-07-13 02:51:48,analyst_user,SELECT,sales_transactions,787,3334,192.168.3.106,SID41951
2025-07-13 04:11:41,app_user,SELECT,accounts,180,2429,192.168.8.225,SID13369
2025-07-13 05:03:26,app_user,SELECT,employees,25,1914,192.168.9.105,SID70174
2025-07-13 06:31:44,app_user,SELECT,departments,701,2635,192.168.8.197,SID60579
2025-07-13 08:57:20,app_user,SELECT,payments,828,4176,192.168.6.101,SID28872
2025-07-13 10:00:59,app_user,INSERT,employees,60,2901,192.168.2.80,SID21303
2025-07-13 12:27:15,report_user,SELECT,payments,677,2191,192.168.9.69,SID30357
2025-07-13 14:03:44,admin_user,SELECT,order_details,477,1956,192.168.1.58,SID77777
2025-07-13 14:51:37,batch_user,INSERT,customer_master,32,4866,192.168.10.224,SID51026
2025-07-13 16:07:03,report_user,SELECT,orders,178,2990,192.168.1.244,SID65928
2025-07-13 16:16:46,batch_user,SELECT,product_master,752,3304,192.168.1.178,SID12629
2025-07-13 17:02:39,report_user,SELECT,accounts,716,2596,192.168.10.19,SID77217
2025-07-13 17:04:42,app_user,SELECT,order_details,846,4172,192.168.9.169,SID71948
2025-07-13 18:00:29,analyst_user,SELECT,accounts,679,2753,192.168.1.194,SID56803
2025-07-13 20:56:58,analyst_user,INSERT,product_master,98,1069,192.168.2.105,SID27698
2025-07-13 21:29:11,admin_user,SELECT,departments,800,2483,192.168.5.116,SID34583
2025-07-13 21:38:29,admin_user,SELECT,sales_transactions,34,2312,192.168.5.111,SID58364
2025-07-13 21:39:29,admin_user,SELECT,inventory,911,3790,192.168.7.113,SID57680
2025-07-13 22:16:10,app_user,SELECT,payments,625,2462,192.168.7.157,SID69126
2025-07-13 23:00:33,admin_user,SELECT,employees,41,2626,192.168.1.51,SID69057
2025-07-13 23:11:56,batch_user,SELECT,product_master,162,4468,192.168.7.121,SID18847
2025-07-13 23:35:14,app_user,INSERT,departments,66,890,192.168.4.226,SID66742
2025-07-14 08:34:19,app_user,SELECT,payments,814,4396,192.168.9.84,SID78712
2025-07-14 14:23:36,app_user,INSERT,payments,86,257,192.168.1.206,SID25492
2025-07-14 16:16:45,batch_user,UPDATE,order_details,46,4693,192.168.3.198,SID51867
2025-07-14 21:04:39,batch_user,UPDATE,departments,2,3912,192.168.2.172,SID31665
2025-07-14 21:17:04,batch_user,SELECT,customer_master,983,3993,192.168.2.176,SID54787
2025-07-14 23:13:40,admin_user,SELECT,sales_transactions,972,4981,192.168.9.237,SID16017
2025-07-14 23:22:25,admin_user,DELETE,orders,1,1472,192.168.6.240,SID21344
2025-07-15 00:33:20,batch_user,SELECT,product_master,98,3621,192.168.8.27,SID31902
2025-07-15 02:17:15,admin_user,SELECT,accounts,221,3380,192.168.5.195,SID30347
2025-07-15 05:51:58,batch_user,SELECT,accounts,398,3296,192.168.7.57,SID13862
2025-07-15 06:04:58,app_user,SELECT,sales_transactions,529,4433,192.168.2.61,SID66887
2025-07-15 06:50:15,app_user,SELECT,customer_master,748,618,192.168.1.202,SID35456
2025-07-15 07:38:08,analyst_user,SELECT,payments,451,2341,192.168.2.190,SID86088
2025-07-15 07:46:14,batch_user,SELECT,order_details,683,4910,192.168.4.171,SID97450
2025-07-15 07:51:05,report_user,SELECT,departments,431,2911,192.168.8.145,SID36375
2025-07-15 08:05:15,admin_user,SELECT,employees,848,4462,192.168.7.158,SID93265
2025-07-15 08:56:29,report_user,SELECT,employees,63,715,192.168.3.237,SID15750
2025-07-15 08:58:24,report_user,DELETE,employees,2,2047,192.168.10.111,SID68557
2025-07-15 09:04:50,analyst_user,UPDATE,payments,4,4883,192.168.4.36,SID37936
2025-07-15 09:15:55,report_user,INSERT,departments,43,1503,192.168.4.131,SID67447
2025-07-15 12:13:15,app_user,SELECT,accounts,806,3477,192.168.10.32,SID64362
2025-07-15 12:15:04,analyst_user,UPDATE,orders,30,552,192.168.6.187,SID78360
2025-07-15 13:54:03,batch_user,SELECT,payments,740,2324,192.168.6.201,SID50242
2025-07-15 14:29:52,admin_user,SELECT,payments,941,3384,192.168.6.32,SID61083
2025-07-15 14:55:58,admin_user,SELECT,payments,389,3686,192.168.2.164,SID90697
2025-07-15 16:46:56,admin_user,SELECT,inventory,624,3305,192.168.1.97,SID47678
2025-07-15 20:05:22,analyst_user,SELECT,orders,428,2429,192.168.7.241,SID65697
2025-07-15 20:45:58,analyst_user,INSERT,order_details,15,40,192.168.4.191,SID29244
2025-07-15 20:48:32,app_user,SELECT,customer_master,449,3317,192.168.9.39,SID89581
2025-07-15 21:48:21,analyst_user,SELECT,order_details,842,27,192.168.5.171,SID87142
2025-07-15 22:12:53,report_user,INSERT,orders,28,4132,192.168.6.226,SID24563
2025-07-15 23:21:20,app_user,SELECT,departments,305,3932,192.168.3.107,SID21200
2025-07-15 23:45:14,app_user,SELECT,sales_transactions,465,314,192.168.9.111,SID90685
2025-07-16 00:30:36,analyst_user,INSERT,sales_transactions,5,4974,192.168.5.122,SID83194
2025-07-16 03:30:42,admin_user,UPDATE,accounts,7,3491,192.168.4.242,SID59608
2025-07-16 06:25:22,app_user,INSERT,inventory,24,151,192.168.6.219,SID44093
2025-07-16 08:12:44,batch_user,SELECT,employees,159,4025,192.168.1.35,SID92543
2025-07-16 08:18:21,batch_user,SELECT,employees,541,741,192.168.2.1,SID52774
2025-07-16 08:44:57,admin_user,SELECT,product_master,236,2101,192.168.10.76,SID47846
2025-07-16 10:37:07,admin_user,SELECT,employees,157,4417,192.168.3.117,SID51100
2025-07-16 12:05:04,batch_user,SELECT,departments,292,4118,192.168.4.172,SID59942
2025-07-16 12:27:20,report_user,UPDATE,sales_transactions,27,30,192.168.5.28,SID56245
2025-07-16 12:41:48,analyst_user,SELECT,product_master,963,1873,192.168.7.41,SID83518
2025-07-16 14:31:29,app_user,DELETE,orders,4,2649,192.168.3.86,SID84709
2025-07-16 22:09:32,analyst_user,SELECT,orders,446,2653,192.168.7.184,SID90648
2025-07-16 23:34:42,admin_user,UPDATE,orders,33,4982,192.168.7.28,SID75853
2025-07-17 00:10:28,app_user,SELECT,departments,645,3559,192.168.4.39,SID50923
2025-07-17 00:35:04,report_user,SELECT,employees,495,2257,192.168.10.180,SID87478
2025-07-17 01:24:39,analyst_user,SELECT,order_details,511,1721,192.168.4.86,SID81686
2025-07-17 03:15:47,batch_user,INSERT,product_master,83,2617,192.168.4.55,SID26344
2025-07-17 03:19:11,app_user,INSERT,sales_transactions,31,4352,192.168.6.74,SID77574
2025-07-17 05:37:06,batch_user,SELECT,accounts,478,3661,192.168.1.190,SID88034
2025-07-17 05:49:39,app_user,SELECT,order_details,823,2532,192.168.1.119,SID69110
2025-07-17 06:37:28,app_user,SELECT,inventory,242,577,192.168.8.221,SID78528
2025-07-17 07:35:38,report_user,SELECT,employees,739,2072,192.168.9.209,SID33463
2025-07-17 09:04:41,app_user,SELECT,departments,93,3222,192.168.10.16,SID52345
2025-07-17 10:24:54,report_user,SELECT,product_master,386,2812,192.168.8.40,SID13427
2025-07-17 10:34:10,analyst_user,SELECT,departments,376,1211,192.168.1.116,SID77560
2025-07-17 10:47:10,report_user,SELECT,accounts,176,51,192.168.4.222,SID33717
2025-07-17 11:48:05,batch_user,SELECT,sales_transactions,466,2665,192.168.2.10,SID38358
2025-07-17 12:08:32,admin_user,SELECT,employees,419,1504,192.168.10.25,SID34055
2025-07-17 13:53:08,admin_user,SELECT,sales_transactions,344,3597,192.168.6.241,SID14907
2025-07-17 16:12:17,admin_user,UPDATE,employees,45,4874,192.168.10.159,SID18125
2025-07-17 16:23:10,analyst_user,SELECT,sales_transactions,889,1823,192.168.2.18,SID61736
2025-07-17 16:48:53,app_user,SELECT,payments,166,712,192.168.2.104,SID40897
2025-07-17 17:36:27,admin_user,SELECT,employees,198,2230,192.168.8.160,SID54975
2025-07-17 18:34:14,report_user,SELECT,employees,39,503,192.168.9.178,SID67145
2025-07-17 20:05:11,app_user,SELECT,product_master,156,325,192.168.3.194,SID15620
2025-07-17 23:29:10,report_user,UPDATE,payments,17,3942,192.168.3.73,SID40210
2025-07-18 00:41:47,app_user,SELECT,employees,155,3388,192.168.1.169,SID66570
2025-07-18 02:11:45,report_user,SELECT,customer_master,393,601,192.168.2.27,SID19016
2025-07-18 02:43:11,report_user,INSERT,departments,25,3884,192.168.6.49,SID69352
2025-07-18 06:57:56,admin_user,SELECT,departments,608,3687,192.168.6.16,SID19554
2025-07-18 07:16:57,analyst_user,SELECT,employees,688,586,192.168.2.134,SID60077
2025-07-18 09:03:20,analyst_user,INSERT,customer_master,17,3958,192.168.5.137,SID91040
2025-07-18 11:18:32,app_user,DELETE,customer_master,8,1469,192.168.2.177,SID43597
2025-07-18 11:37:40,batch_user,SELECT,employees,350,712,192.168.4.180,SID60830
2025-07-18 12:07:07,report_user,SELECT,product_master,468,4078,192.168.9.250,SID28891
2025-07-18 16:23:26,app_user,SELECT,employees,291,1649,192.168.3.205,SID19558
2025-07-18 16:30:48,analyst_user,UPDATE,product_master,14,1695,192.168.4.162,SID18746
2025-07-18 16:50:25,batch_user,INSERT,sales_transactions,26,4649,192.168.8.155,SID59147
2025-07-18 18:59:20,report_user,SELECT,payments,611,3232,192.168.3.133,SID53127
2025-07-18 21:54:10,analyst_user,SELECT,product_master,374,4352,192.168.5.90,SID27689
2025-07-18 23:18:25,report_user,SELECT,customer_master,558,2127,192.168.3.9,SID48450
2025-07-18 23:36:26,analyst_user,SELECT,departments,929,3953,192.168.2.60,SID65464
2025-07-19 00:52:15,app_user,SELECT,product_master,833,3464,192.168.10.211,SID45084
2025-07-19 01:26:24,app_user,INSERT,accounts,28,4069,192.168.5.155,SID71966
2025-07-19 03:42:02,batch_user,SELECT,employees,431,644,192.168.1.21,SID70573
2025-07-19 04:01:38,batch_user,SELECT,payments,503,7,192.168.8.120,SID91259
2025-07-19 06:29:24,analyst_user,DELETE,product_master,5,2544,192.168.7.234,SID87411
2025-07-19 07:23:11,admin_user,SELECT,orders,598,3120,192.168.4.163,SID71477
2025-07-19 07:33:08,batch_user,SELECT,inventory,318,2197,192.168.8.225,SID84338
2025-07-19 10:04:29,analyst_user,SELECT,accounts,655,920,192.168.1.238,SID63125
2025-07-19 11:01:34,app_user,INSERT,employees,54,4391,192.168.6.188,SID45938
2025-07-19 11:59:49,report_user,DELETE,orders,8,1949,192.168.7.3,SID32229
2025-07-19 12:03:25,batch_user,SELECT,product_master,918,997,192.168.5.29,SID83364
2025-07-19 14:58:26,analyst_user,SELECT,inventory,187,1877,192.168.10.120,SID82536
2025-07-19 16:09:35,report_user,SELECT,sales_transactions,354,1290,192.168.7.143,SID25503
2025-07-19 17:05:47,report_user,SELECT,payments,95,2364,192.168.2.159,SID49620
2025-07-19 21:09:16,analyst_user,INSERT,inventory,27,4080,192.168.7.172,SID22749
2025-07-20 01:07:18,admin_user,UPDATE,employees,5,3470,192.168.2.67,SID66518
2025-07-20 01:56:15,report_user,SELECT,accounts,157,641,192.168.7.19,SID22214
2025-07-20 02:15:39,admin_user,SELECT,customer_master,914,415,192.168.8.9,SID22368
2025-07-20 02:52:49,app_user,SELECT,accounts,252,1168,192.168.6.233,SID81087
2025-07-20 03:22:33,report_user,SELECT,sales_transactions,74,2742,192.168.1.138,SID65085
2025-07-20 03:42:24,app_user,SELECT,inventory,890,2406,192.168.1.144,SID11759
2025-07-20 04:19:14,app_user,SELECT,payments,302,765,192.168.3.54,SID85442
2025-07-20 06:04:26,analyst_user,DELETE,departments,1,1829,192.168.7.154,SID90263
2025-07-20 06:31:25,analyst_user,UPDATE,order_details,29,1079,192.168.5.16,SID55225
2025-07-20 07:03:09,admin_user,SELECT,inventory,824,1845,192.168.1.145,SID36366
2025-07-20 07:39:52,admin_user,INSERT,customer_master,83,3631,192.168.1.226,SID47037
2025-07-20 11:37:05,admin_user,SELECT,product_master,846,735,192.168.6.47,SID57575
2025-07-20 12:11:00,admin_user,SELECT,order_details,394,1892,192.168.10.148,SID71330
2025-07-20 12:57:31,app_user,SELECT,orders,760,505,192.168.3.16,SID85158
2025-07-20 14:07:51,batch_user,SELECT,order_details,555,2135,192.168.9.21,SID24555
2025-07-20 15:23:42,app_user,SELECT,product_master,891,1958,192.168.5.88,SID40690
2025-07-20 16:48:20,batch_user,SELECT,departments,823,994,192.168.6.112,SID44619
2025-07-20 18:21:56,report_user,INSERT,payments,46,2858,192.168.4.199,SID18628
2025-07-20 18:26:12,app_user,UPDATE,employees,16,3453,192.168.6.102,SID97747
2025-07-20 20:31:35,batch_user,SELECT,accounts,706,2182,192.168.3.199,SID75565
2025-07-20 20:55:38,batch_user,INSERT,departments,12,4428,192.168.9.130,SID65065
2025-07-20 21:32:26,app_user,DELETE,accounts,5,4698,192.168.1.190,SID91933
2025-07-20 22:49:33,admin_user,SELECT,payments,919,4292,192.168.7.19,SID90212
2025-07-21 02:14:37,report_user,SELECT,sales_transactions,304,3029,192.168.5.124,SID65984
2025-07-21 03:33:57,analyst_user,SELECT,sales_transactions,77,4065,192.168.6.62,SID93187
2025-07-21 03:52:12,admin_user,SELECT,customer_master,498,3040,192.168.7.235,SID35171
2025-07-21 07:38:29,report_user,SELECT,customer_master,745,2229,192.168.6.74,SID31243
2025-07-21 08:52:56,report_user,SELECT,employees,280,4485,192.168.6.216,SID30922
2025-07-21 09:49:36,batch_user,SELECT,departments,875,3918,192.168.10.229,SID38311
2025-07-21 11:26:52,report_user,SELECT,orders,150,2388,192.168.10.120,SID11786
2025-07-21 11:51:02,report_user,SELECT,departments,814,156,192.168.1.59,SID88160
2025-07-21 13:15:08,report_user,SELECT,inventory,374,1822,192.168.4.253,SID56586
2025-07-21 13:33:32,batch_user,SELECT,sales_transactions,304,237,192.168.10.191,SID87736
2025-07-21 13:47:39,analyst_user,SELECT,employees,583,37,192.168.6.220,SID61808
2025-07-21 14:40:43,admin_user,INSERT,accounts,11,137,192.168.4.165,SID28677
2025-07-21 17:49:11,analyst_user,SELECT,sales_transactions,713,3713,192.168.6.42,SID95156
2025-07-21 19:23:34,admin_user,SELECT,orders,440,521,192.168.3.88,SID20868
2025-07-21 19:47:50,analyst_user,SELECT,payments,615,4007,192.168.9.248,SID57502
2025-07-21 20:57:01,analyst_user,SELECT,inventory,657,4053,192.168.3.31,SID86875
2025-07-21 21:17:41,analyst_user,DELETE,order_details,2,3712,192.168.9.212,SID50708
2025-07-21 21:51:22,batch_user,SELECT,employees,343,1731,192.168.3.231,SID32173
2025-07-21 21:57:40,report_user,INSERT,order_details,60,2782,192.168.1.93,SID40530
2025-07-21 22:45:02,report_user,SELECT,departments,351,1341,192.168.4.172,SID63007
2025-07-21 23:50:24,batch_user,SELECT,orders,266,4012,192.168.10.45,SID28413
2025-07-21 23:51:05,batch_user,SELECT,payments,610,3147,192.168.5.247,SID32070
2025-07-22 03:26:51,report_user,SELECT,customer_master,905,3467,192.168.7.103,SID19522
2025-07-22 03:33:07,analyst_user,INSERT,sales_transactions,60,1678,192.168.1.208,SID41069
2025-07-22 03:48:46,analyst_user,UPDATE,product_master,27,346,192.168.9.244,SID88249
2025-07-22 04:51:34,analyst_user,SELECT,departments,751,2809,192.168.3.89,SID49285
2025-07-22 07:47:49,batch_user,UPDATE,departments,40,1392,192.168.3.69,SID67382
2025-07-22 10:02:28,app_user,SELECT,orders,251,4369,192.168.1.145,SID30992
2025-07-22 12:03:02,admin_user,SELECT,employees,683,210,192.168.2.4,SID50793
2025-07-22 14:40:05,analyst_user,SELECT,accounts,680,2626,192.168.10.149,SID73456
2025-07-22 15:14:08,analyst_user,SELECT,accounts,163,2872,192.168.7.86,SID94741
2025-07-22 16:16:21,report_user,SELECT,accounts,590,4499,192.168.1.221,SID42270
2025-07-22 18:40:36,admin_user,INSERT,employees,20,639,192.168.5.183,SID40022
2025-07-22 20:27:46,report_user,UPDATE,payments,6,2849,192.168.3.1,SID56956
2025-07-22 21:19:37,analyst_user,INSERT,sales_transactions,67,69,192.168.7.230,SID93487
2025-07-23 00:10:14,analyst_user,SELECT,sales_transactions,942,2560,192.168.10.101,SID37218
2025-07-23 03:04:04,admin_user,SELECT,orders,735,3295,192.168.3.190,SID56438
2025-07-23 04:32:53,app_user,SELECT,orders,991,4758,192.168.2.63,SID49163
2025-07-23 04:47:44,report_user,SELECT,orders,422,2822,192.168.10.7,SID54342
2025-07-23 05:46:20,analyst_user,SELECT,departments,855,3605,192.168.8.154,SID87550
2025-07-23 07:40:06,admin_user,SELECT,departments,265,1840,192.168.7.52,SID24510
2025-07-23 08:35:02,admin_user,SELECT,sales_transactions,473,3694,192.168.9.4,SID48198
2025-07-23 08:56:57,batch_user,INSERT,departments,53,258,192.168.9.8,SID36714
2025-07-23 09:18:12,analyst_user,UPDATE,accounts,49,2488,192.168.3.243,SID61662
2025-07-23 11:51:01,analyst_user,SELECT,payments,541,3573,192.168.3.183,SID44672
2025-07-23 13:33:51,report_user,SELECT,inventory,791,3584,192.168.7.69,SID96252
2025-07-23 13:47:11,report_user,SELECT,sales_transactions,323,1779,192.168.5.175,SID79324
2025-07-23 14:13:07,batch_user,SELECT,payments,723,25,192.168.4.248,SID60216
2025-07-23 16:43:23,analyst_user,INSERT,accounts,17,4842,192.168.2.41,SID54344
2025-07-23 18:47:41,analyst_user,DELETE,payments,2,2066,192.168.8.70,SID88873
2025-07-23 18:47:58,app_user,SELECT,inventory,714,2874,192.168.1.181,SID74269
2025-07-23 20:51:53,admin_user,SELECT,product_master,449,865,192.168.9.171,SID30211
2025-07-23 21:39:13,batch_user,SELECT,sales_transactions,996,2055,192.168.8.26,SID75779
2025-07-23 22:10:58,analyst_user,INSERT,inventory,53,4387,192.168.9.100,SID97172
2025-07-23 22:31:31,analyst_user,DELETE,product_master,2,2269,192.168.1.19,SID61780
2025-07-24 01:09:29,report_user,DELETE,product_master,5,3544,192.168.6.163,SID23832
2025-07-24 01:33:27,app_user,INSERT,departments,38,2671,192.168.7.223,SID72780
2025-07-24 02:36:18,report_user,UPDATE,product_master,10,928,192.168.2.79,SID16445
2025-07-24 02:49:06,analyst_user,SELECT,payments,970,939,192.168.9.185,SID24585
2025-07-24 04:24:04,app_user,SELECT,product_master,641,696,192.168.7.172,SID63977
2025-07-24 04:37:31,app_user,SELECT,order_details,988,590,192.168.9.196,SID14526
2025-07-24 07:09:28,report_user,SELECT,departments,673,4394,192.168.7.192,SID30293
2025-07-24 09:08:55,analyst_user,INSERT,orders,8,1058,192.168.2.161,SID34722
2025-07-24 09:29:03,batch_user,SELECT,orders,6,3682,192.168.5.18,SID83610
2025-07-24 09:32:47,admin_user,SELECT,employees,717,2618,192.168.6.10,SID75205
2025-07-24 11:16:51,analyst_user,SELECT,inventory,551,3935,192.168.1.155,SID21040
2025-07-24 13:13:16,app_user,SELECT,product_master,326,1791,192.168.9.247,SID61751
2025-07-24 13:32:02,batch_user,SELECT,order_details,680,1089,192.168.8.108,SID92214
2025-07-24 13:43:44,analyst_user,DELETE,orders,7,1376,192.168.1.222,SID95822
2025-07-24 13:59:28,app_user,SELECT,orders,928,1083,192.168.10.153,SID87863
2025-07-24 16:30:45,admin_user,SELECT,inventory,479,4488,192.168.4.109,SID83397
2025-07-24 17:38:02,batch_user,SELECT,order_details,425,1094,192.168.1.88,SID15619
2025-07-24 18:29:41,analyst_user,SELECT,product_master,896,1551,192.168.6.206,SID29322
2025-07-24 20:11:36,report_user,DELETE,order_details,7,1181,192.168.4.132,SID11190
2025-07-24 22:10:00,analyst_user,SELECT,order_details,924,201,192.168.2.59,SID10886
2025-07-25 00:20:52,report_user,SELECT,order_details,358,1907,192.168.3.61,SID29357
2025-07-25 00:46:23,app_user,INSERT,departments,31,289,192.168.5.237,SID39275
2025-07-25 01:54:45,app_user,SELECT,employees,286,266,192.168.7.168,SID74217
2025-07-25 03:33:18,app_user,SELECT,payments,967,21,192.168.9.162,SID25173
2025-07-25 04:23:51,batch_user,SELECT,inventory,976,4548,192.168.8.203,SID14091
2025-07-25 05:19:48,analyst_user,SELECT,customer_master,635,1792,192.168.4.103,SID58377
2025-07-25 06:14:06,app_user,DELETE,product_master,10,3318,192.168.1.7,SID95344
2025-07-25 07:06:07,report_user,SELECT,order_details,239,509,192.168.1.84,SID62958
2025-07-25 07:25:48,report_user,SELECT,payments,511,3753,192.168.9.249,SID67604
2025-07-25 10:12:50,batch_user,INSERT,payments,49,3005,192.168.7.153,SID35752
2025-07-25 10:44:27,batch_user,SELECT,orders,470,566,192.168.7.34,SID42208
2025-07-25 11:40:41,app_user,SELECT,order_details,572,4848,192.168.9.226,SID26707
2025-07-25 12:15:47,admin_user,INSERT,employees,68,2881,192.168.4.132,SID77743
2025-07-25 13:18:42,admin_user,UPDATE,order_details,35,4417,192.168.2.62,SID45487
2025-07-25 17:23:36,report_user,INSERT,employees,42,3551,192.168.8.49,SID13139
2025-07-25 18:49:46,app_user,INSERT,inventory,28,1364,192.168.1.129,SID84762
2025-07-25 20:23:52,report_user,SELECT,order_details,265,4856,192.168.9.123,SID19867
2025-07-25 22:47:24,analyst_user,SELECT,inventory,192,4260,192.168.5.10,SID42983
2025-07-25 23:01:09,report_user,SELECT,accounts,90,574,192.168.10.206,SID96843
2025-07-26 00:46:27,app_user,SELECT,product_master,422,3195,192.168.9.216,SID53187
2025-07-26 01:48:25,app_user,SELECT,payments,519,1276,192.168.4.71,SID67693
2025-07-26 05:27:54,app_user,SELECT,orders,534,2499,192.168.8.109,SID25814
2025-07-26 07:58:17,app_user,SELECT,employees,62,4225,192.168.3.251,SID40866
2025-07-26 08:33:13,app_user,UPDATE,order_details,4,1867,192.168.4.156,SID92437
2025-07-26 15:18:58,report_user,INSERT,payments,40,3095,192.168.7.236,SID46542
2025-07-26 16:30:02,admin_user,SELECT,employees,608,1956,192.168.8.158,SID54223
2025-07-26 21:00:30,report_user,SELECT,accounts,305,2973,192.168.9.51,SID59938
2025-07-26 21:48:13,app_user,UPDATE,employees,1,1616,192.168.6.80,SID79463
2025-07-26 23:35:21,analyst_user,UPDATE,accounts,23,4279,192.168.9.167,SID99231
2025-07-27 00:04:01,report_user,SELECT,order_details,40,921,192.168.8.29,SID71811
2025-07-27 01:28:58,batch_user,INSERT,payments,9,724,192.168.7.41,SID76135
2025-07-27 03:44:57,app_user,SELECT,sales_transactions,940,330,192.168.10.210,SID26565
2025-07-27 04:22:19,analyst_user,SELECT,payments,789,4351,192.168.9.182,SID29951
2025-07-27 05:08:16,report_user,SELECT,orders,686,3185,192.168.4.226,SID67318
2025-07-27 11:04:19,app_user,SELECT,inventory,484,208,192.168.8.210,SID26503
2025-07-27 11:16:13,report_user,INSERT,departments,66,4294,192.168.9.144,SID12965
2025-07-27 11:44:37,admin_user,UPDATE,order_details,8,3319,192.168.4.238,SID68701
2025-07-27 12:22:53,analyst_user,SELECT,payments,87,2780,192.168.7.25,SID96816
2025-07-27 13:10:13,report_user,SELECT,order_details,571,3312,192.168.7.22,SID68065
2025-07-27 16:13:28,app_user,SELECT,inventory,239,3868,192.168.10.189,SID80652
2025-07-27 19:14:30,batch_user,SELECT,inventory,615,4113,192.168.10.152,SID84108
2025-07-27 20:19:40,report_user,INSERT,product_master,26,2936,192.168.7.40,SID29648
2025-07-27 22:23:23,batch_user,SELECT,employees,421,498,192.168.8.39,SID93036
2025-07-28 00:44:11,batch_user,INSERT,accounts,11,3714,192.168.1.244,SID46349
2025-07-28 01:17:00,batch_user,DELETE,departments,7,746,192.168.6.61,SID43194
2025-07-28 03:47:50,batch_user,SELECT,sales_transactions,855,383,192.168.4.48,SID13452
2025-07-28 04:15:08,app_user,SELECT,customer_master,962,2721,192.168.5.23,SID45477
2025-07-28 05:02:54,batch_user,SELECT,order_details,610,2288,192.168.7.31,SID81951
2025-07-28 05:33:25,admin_user,DELETE,departments,1,256,192.168.3.201,SID65316
2025-07-28 05:53:12,report_user,SELECT,order_details,936,2434,192.168.1.41,SID15401
2025-07-28 08:42:22,batch_user,SELECT,departments,76,1962,192.168.9.47,SID25510
2025-07-28 10:52:42,app_user,SELECT,order_details,271,4445,192.168.9.227,SID68212
2025-07-28 11:16:56,admin_user,DELETE,accounts,9,2118,192.168.10.63,SID18811
2025-07-28 14:40:59,admin_user,INSERT,order_details,29,916,192.168.3.8,SID26597
2025-07-28 15:00:42,admin_user,SELECT,payments,970,3892,192.168.2.198,SID88174
2025-07-28 18:50:31,report_user,SELECT,inventory,570,3413,192.168.9.163,SID36029
2025-07-28 18:52:20,report_user,SELECT,orders,276,1576,192.168.5.99,SID48566
2025-07-28 19:39:53,app_user,SELECT,accounts,930,1777,192.168.9.234,SID26272
2025-07-28 19:42:26,batch_user,SELECT,payments,438,467,192.168.10.222,SID18238
2025-07-28 20:56:12,batch_user,SELECT,accounts,657,2286,192.168.1.183,SID89417
2025-07-28 22:30:36,app_user,SELECT,departments,850,2299,192.168.3.249,SID55190
2025-07-28 23:34:22,admin_user,SELECT,departments,31,991,192.168.3.176,SID78872
2025-07-29 02:19:02,admin_user,UPDATE,employees,13,1720,192.168.5.129,SID56430
2025-07-29 05:31:36,report_user,UPDATE,employees,33,1573,192.168.9.130,SID68744
2025-07-29 05:33:15,app_user,SELECT,order_details,459,2294,192.168.10.224,SID74492
2025-07-29 05:42:33,admin_user,SELECT,customer_master,439,3997,192.168.7.109,SID57345
2025-07-29 06:08:01,analyst_user,SELECT,employees,57,3912,192.168.9.8,SID40614
2025-07-29 11:26:52,analyst_user,INSERT,inventory,69,110,192.168.3.208,SID43932
2025-07-29 11:33:36,app_user,DELETE,employees,10,141,192.168.2.66,SID96616
2025-07-29 12:44:15,app_user,UPDATE,product_master,34,3362,192.168.10.236,SID91420
2025-07-29 13:01:39,app_user,SELECT,employees,828,701,192.168.3.83,SID93351
2025-07-29 13:34:38,report_user,SELECT,accounts,741,4386,192.168.5.155,SID50894
2025-07-29 13:39:34,batch_user,DELETE,inventory,9,1010,192.168.1.175,SID57505
2025-07-29 13:45:09,admin_user,SELECT,accounts,443,4067,192.168.10.79,SID91968
2025-07-29 15:45:08,app_user,INSERT,product_master,8,3446,192.168.2.123,SID43349
2025-07-29 17:33:47,batch_user,SELECT,payments,617,3925,192.168.5.91,SID21233
2025-07-29 17:40:22,app_user,INSERT,departments,89,4623,192.168.1.219,SID99915
2025-07-29 18:46:02,batch_user,SELECT,sales_transactions,813,1534,192.168.4.81,SID75170
2025-07-29 19:41:11,analyst_user,SELECT,sales_transactions,802,2580,192.168.9.145,SID55539
2025-07-29 21:51:46,analyst_user,UPDATE,customer_master,32,4565,192.168.10.156,SID24219
2025-07-29 22:24:19,analyst_user,SELECT,customer_master,588,4113,192.168.8.78,SID93133
2025-07-29 23:56:59,report_user,UPDATE,inventory,20,4845,192.168.8.169,SID35030
2025-07-30 00:23:43,analyst_user,SELECT,accounts,433,448,192.168.1.75,SID35767
2025-07-30 01:40:57,batch_user,INSERT,orders,18,461,192.168.1.61,SID12748
2025-07-30 03:25:43,admin_user,SELECT,order_details,714,1028,192.168.7.144,SID13075
2025-07-30 05:28:13,report_user,INSERT,orders,99,123,192.168.8.69,SID41693
2025-07-30 06:23:14,report_user,SELECT,product_master,758,1947,192.168.6.194,SID57080
2025-07-30 07:19:27,analyst_user,SELECT,inventory,745,2608,192.168.5.91,SID95302
2025-07-30 07:53:05,report_user,SELECT,employees,882,1197,192.168.1.229,SID29516
2025-07-30 09:30:41,app_user,SELECT,order_details,564,3533,192.168.1.220,SID86752
2025-07-30 10:12:39,analyst_user,SELECT,inventory,686,1913,192.168.8.83,SID50264
2025-07-30 11:34:25,admin_user,SELECT,customer_master,735,3269,192.168.4.135,SID65280
2025-07-30 13:38:07,batch_user,INSERT,employees,26,3813,192.168.4.211,SID71953
2025-07-30 16:34:48,report_user,UPDATE,departments,38,991,192.168.8.118,SID27291
2025-07-30 18:03:56,analyst_user,UPDATE,employees,17,1375,192.168.1.133,SID74322
2025-07-30 19:58:51,report_user,UPDATE,product_master,42,2894,192.168.8.130,SID46581
2025-07-30 20:08:31,analyst_user,SELECT,accounts,766,3630,192.168.4.12,SID29707
2025-07-30 21:12:56,app_user,SELECT,payments,738,242,192.168.8.54,SID89728
2025-07-30 21:14:27,admin_user,INSERT,customer_master,89,1453,192.168.8.190,SID11451
2025-07-30 21:48:25,admin_user,SELECT,product_master,718,2271,192.168.1.181,SID72410
2025-07-30 22:23:56,admin_user,SELECT,order_details,44,4495,192.168.3.11,SID66458
2025-07-31 03:10:56,analyst_user,SELECT,product_master,149,3840,192.168.2.32,SID42038
2025-07-31 03:28:08,analyst_user,SELECT,payments,450,3898,192.168.5.178,SID20718
2025-07-31 04:46:58,app_user,SELECT,accounts,823,3859,192.168.10.60,SID60155
2025-07-31 04:54:30,report_user,SELECT,product_master,265,3609,192.168.1.146,SID56840
2025-07-31 05:51:50,analyst_user,SELECT,product_master,40,860,192.168.3.76,SID62362
2025-07-31 06:13:50,app_user,DELETE,product_master,3,3852,192.168.6.155,SID95224
2025-07-31 07:42:10,batch_user,INSERT,accounts,25,2092,192.168.2.198,SID58871
2025-07-31 08:56:41,batch_user,SELECT,employees,701,272,192.168.10.91,SID99696
2025-07-31 09:38:16,admin_user,UPDATE,order_details,1,4868,192.168.6.35,SID97033
2025-07-31 10:43:34,app_user,INSERT,sales_transactions,65,2104,192.168.9.112,SID86209
2025-07-31 12:43:02,admin_user,SELECT,product_master,290,765,192.168.6.52,SID57740
2025-07-31 16:21:05,report_user,SELECT,orders,477,425,192.168.2.8,SID16407
2025-07-31 18:58:54,admin_user,INSERT,accounts,11,4399,192.168.7.189,SID84826
2025-07-31 20:26:35,app_user,SELECT,product_master,640,1048,192.168.9.68,SID37251
2025-07-31 20:54:09,admin_user,SELECT,order_details,186,2303,192.168.4.181,SID91265
2025-07-31 21:36:47,admin_user,DELETE,product_master,3,4919,192.168.8.131,SID14252
2025-07-31 22:36:04,report_user,SELECT,customer_master,809,620,192.168.8.152,SID62603
